﻿<?xml version="1.0" encoding="utf-8"?>
<abapGit version="v1.0.0" serializer="LCL_OBJECT_MSAG" serializer_version="v1.0.0">
 <asx:abap xmlns:asx="http://www.sap.com/abapxml" version="1.0">
  <asx:values>
   <T100A>
    <ARBGB>ZMSG_SB</ARBGB>
    <MASTERLANG>E</MASTERLANG>
    <STEXT>Messages for class methods</STEXT>
   </T100A>
   <T100>
    <T100>
     <SPRSL>E</SPRSL>
     <ARBGB>ZMSG_SB</ARBGB>
     <MSGNR>000</MSGNR>
     <TEXT>The statistics were not save because you choose test mode</TEXT>
    </T100>
    <T100>
     <SPRSL>E</SPRSL>
     <ARBGB>ZMSG_SB</ARBGB>
     <MSGNR>001</MSGNR>
     <TEXT>There is not such user!</TEXT>
    </T100>
    <T100>
     <SPRSL>E</SPRSL>
     <ARBGB>ZMSG_SB</ARBGB>
     <MSGNR>002</MSGNR>
     <TEXT>Password is incorrect!</TEXT>
    </T100>
    <T100>
     <SPRSL>E</SPRSL>
     <ARBGB>ZMSG_SB</ARBGB>
     <MSGNR>003</MSGNR>
     <TEXT>Passwords does not match!</TEXT>
    </T100>
    <T100>
     <SPRSL>E</SPRSL>
     <ARBGB>ZMSG_SB</ARBGB>
     <MSGNR>004</MSGNR>
     <TEXT>Username already exist!</TEXT>
    </T100>
    <T100>
     <SPRSL>E</SPRSL>
     <ARBGB>ZMSG_SB</ARBGB>
     <MSGNR>005</MSGNR>
     <TEXT>Registration was successful!</TEXT>
    </T100>
    <T100>
     <SPRSL>E</SPRSL>
     <ARBGB>ZMSG_SB</ARBGB>
     <MSGNR>006</MSGNR>
     <TEXT>Product was added to cart!</TEXT>
    </T100>
    <T100>
     <SPRSL>E</SPRSL>
     <ARBGB>ZMSG_SB</ARBGB>
     <MSGNR>007</MSGNR>
     <TEXT>Username or password is incorrect!</TEXT>
    </T100>
    <T100>
     <SPRSL>E</SPRSL>
     <ARBGB>ZMSG_SB</ARBGB>
     <MSGNR>008</MSGNR>
     <TEXT>There are &amp;1 results!</TEXT>
    </T100>
    <T100>
     <SPRSL>E</SPRSL>
     <ARBGB>ZMSG_SB</ARBGB>
     <MSGNR>009</MSGNR>
     <TEXT>For the selected flights the agency issued &amp;1 &amp;2!</TEXT>
    </T100>
    <T100>
     <SPRSL>E</SPRSL>
     <ARBGB>ZMSG_SB</ARBGB>
     <MSGNR>010</MSGNR>
     <TEXT>Travel Agency Number is mandatory field!</TEXT>
    </T100>
    <T100>
     <SPRSL>E</SPRSL>
     <ARBGB>ZMSG_SB</ARBGB>
     <MSGNR>011</MSGNR>
     <TEXT>Posting date is mandatory field!</TEXT>
    </T100>
    <T100>
     <SPRSL>E</SPRSL>
     <ARBGB>ZMSG_SB</ARBGB>
     <MSGNR>012</MSGNR>
     <TEXT>Table was updated!</TEXT>
    </T100>
    <T100>
     <SPRSL>E</SPRSL>
     <ARBGB>ZMSG_SB</ARBGB>
     <MSGNR>013</MSGNR>
     <TEXT>There was no new data!</TEXT>
    </T100>
    <T100>
     <SPRSL>E</SPRSL>
     <ARBGB>ZMSG_SB</ARBGB>
     <MSGNR>014</MSGNR>
     <TEXT>Email was sent!</TEXT>
    </T100>
    <T100>
     <SPRSL>E</SPRSL>
     <ARBGB>ZMSG_SB</ARBGB>
     <MSGNR>015</MSGNR>
     <TEXT>There was an error. Email was not sent.</TEXT>
    </T100>
    <T100>
     <SPRSL>E</SPRSL>
     <ARBGB>ZMSG_SB</ARBGB>
     <MSGNR>016</MSGNR>
     <TEXT>Data was saved successfully!</TEXT>
    </T100>
    <T100>
     <SPRSL>E</SPRSL>
     <ARBGB>ZMSG_SB</ARBGB>
     <MSGNR>017</MSGNR>
     <TEXT>Header Data is empty for delivery number &amp;1</TEXT>
    </T100>
    <T100>
     <SPRSL>E</SPRSL>
     <ARBGB>ZMSG_SB</ARBGB>
     <MSGNR>018</MSGNR>
     <TEXT>Item Data is empty for delivery number &amp;1</TEXT>
    </T100>
    <T100>
     <SPRSL>E</SPRSL>
     <ARBGB>ZMSG_SB</ARBGB>
     <MSGNR>019</MSGNR>
     <TEXT>Please enter only numbers!</TEXT>
    </T100>
    <T100>
     <SPRSL>E</SPRSL>
     <ARBGB>ZMSG_SB</ARBGB>
     <MSGNR>020</MSGNR>
     <TEXT>Translation for the current meaterial number &amp;1 is missing.</TEXT>
    </T100>
   </T100>
  </asx:values>
 </asx:abap>
</abapGit>
