﻿<?xml version="1.0" encoding="utf-8"?>
<abapGit version="v1.0.0" serializer="LCL_OBJECT_IWPR" serializer_version="v1.0.0">
 <asx:abap xmlns:asx="http://www.sap.com/abapxml" version="1.0">
  <asx:values>
   <_-IWBEP_-I_SBD_AT>
    <_-IWBEP_-I_SBD_AT>
     <PROJECT>ZMEDIALNK_SB</PROJECT>
     <NODE_UUID>AFBWiRncHtui+4utOH0QUA==</NODE_UUID>
     <NODE_UUID_PA>AFBWiRncHtui+0G2jkjPdg==</NODE_UUID_PA>
     <PLUGIN_PA>/IWBEP/CORE</PLUGIN_PA>
     <NODE_TYPE_PA>PROJ</NODE_TYPE_PA>
     <NAME>GENERATED_METHODS_RDS</NAME>
     <TYPE>V2_RDS</TYPE>
     <MIME_TYPE>XML</MIME_TYPE>
     <VALUE>PD94bWwgdmVyc2lvbj0iMS4wIiBlbmNvZGluZz0idXRmLTgiPz48YXN4OmFiYXAgdmVyc2lvbj0i
MS4wIiB4bWxuczphc3g9Imh0dHA6Ly93d3cuc2FwLmNvbS9hYmFweG1sIj48YXN4OnZhbHVlcz48
R0VOLz48L2FzeDp2YWx1ZXM+PC9hc3g6YWJhcD4=</VALUE>
    </_-IWBEP_-I_SBD_AT>
   </_-IWBEP_-I_SBD_AT>
   <_-IWBEP_-I_SBD_DS>
    <_-IWBEP_-I_SBD_DS>
     <PROJECT>ZMEDIALNK_SB</PROJECT>
     <NODE_UUID>AFBWiRncHtui+0jbMp+Phw==</NODE_UUID>
     <PARENT_UUID>AFBWiRncHtui+0G2jkkPdg==</PARENT_UUID>
     <NAME>ZEMP_CALENDAR</NAME>
     <DS_TYPE>5</DS_TYPE>
    </_-IWBEP_-I_SBD_DS>
   </_-IWBEP_-I_SBD_DS>
   <_-IWBEP_-I_SBD_DST>
    <_-IWBEP_-I_SBD_DST>
     <SYLANGU>E</SYLANGU>
     <PROJECT>ZMEDIALNK_SB</PROJECT>
     <NODE_UUID>AFBWiRncHtui+0jbMp+Phw==</NODE_UUID>
    </_-IWBEP_-I_SBD_DST>
   </_-IWBEP_-I_SBD_DST>
   <_-IWBEP_-I_SBD_GA>
    <_-IWBEP_-I_SBD_GA>
     <PROJECT>ZMEDIALNK_SB</PROJECT>
     <NODE_UUID>AFBWiRncHtui+4utOH0wUA==</NODE_UUID>
     <CREATION_USER_ID>SBAKALAOV</CREATION_USER_ID>
     <CREATION_TIME>20210323133329.149524</CREATION_TIME>
     <LAST_CHG_USER_ID>SBAKALAOV</LAST_CHG_USER_ID>
     <LAST_CHG_TIME>20210323133535.600055</LAST_CHG_TIME>
     <NAME>ZCL_ZMEDIALNK_SB_MPC</NAME>
     <PGMID>R3TR</PGMID>
     <TROBJ_TYPE>CLAS</TROBJ_TYPE>
     <TROBJ_NAME>ZCL_ZMEDIALNK_SB_MPC</TROBJ_NAME>
     <GEN_ART_TYPE>MPCB</GEN_ART_TYPE>
    </_-IWBEP_-I_SBD_GA>
    <_-IWBEP_-I_SBD_GA>
     <PROJECT>ZMEDIALNK_SB</PROJECT>
     <NODE_UUID>AFBWiRncHtui+4utOH1QUA==</NODE_UUID>
     <CREATION_USER_ID>SBAKALAOV</CREATION_USER_ID>
     <CREATION_TIME>20210323133329.149532</CREATION_TIME>
     <LAST_CHG_USER_ID>SBAKALAOV</LAST_CHG_USER_ID>
     <LAST_CHG_TIME>20210323133535.600063</LAST_CHG_TIME>
     <NAME>ZCL_ZMEDIALNK_SB_MPC_EXT</NAME>
     <PGMID>R3TR</PGMID>
     <TROBJ_TYPE>CLAS</TROBJ_TYPE>
     <TROBJ_NAME>ZCL_ZMEDIALNK_SB_MPC_EXT</TROBJ_NAME>
     <GEN_ART_TYPE>MPCS</GEN_ART_TYPE>
    </_-IWBEP_-I_SBD_GA>
    <_-IWBEP_-I_SBD_GA>
     <PROJECT>ZMEDIALNK_SB</PROJECT>
     <NODE_UUID>AFBWiRncHtui+4utOH1wUA==</NODE_UUID>
     <CREATION_USER_ID>SBAKALAOV</CREATION_USER_ID>
     <CREATION_TIME>20210323133332.29931</CREATION_TIME>
     <NAME>ZCL_ZMEDIALNK_SB_DPC</NAME>
     <PGMID>R3TR</PGMID>
     <TROBJ_TYPE>CLAS</TROBJ_TYPE>
     <TROBJ_NAME>ZCL_ZMEDIALNK_SB_DPC</TROBJ_NAME>
     <GEN_ART_TYPE>DPCB</GEN_ART_TYPE>
    </_-IWBEP_-I_SBD_GA>
    <_-IWBEP_-I_SBD_GA>
     <PROJECT>ZMEDIALNK_SB</PROJECT>
     <NODE_UUID>AFBWiRncHtui+4utOH2QUA==</NODE_UUID>
     <CREATION_USER_ID>SBAKALAOV</CREATION_USER_ID>
     <CREATION_TIME>20210323133333.469132</CREATION_TIME>
     <NAME>ZCL_ZMEDIALNK_SB_DPC_EXT</NAME>
     <PGMID>R3TR</PGMID>
     <TROBJ_TYPE>CLAS</TROBJ_TYPE>
     <TROBJ_NAME>ZCL_ZMEDIALNK_SB_DPC_EXT</TROBJ_NAME>
     <GEN_ART_TYPE>DPCS</GEN_ART_TYPE>
    </_-IWBEP_-I_SBD_GA>
    <_-IWBEP_-I_SBD_GA>
     <PROJECT>ZMEDIALNK_SB</PROJECT>
     <NODE_UUID>AFBWiRncHtui+4utOH2wUA==</NODE_UUID>
     <CREATION_USER_ID>SBAKALAOV</CREATION_USER_ID>
     <CREATION_TIME>20210323133334.774789</CREATION_TIME>
     <NAME>ZMEDIALNK_SB_MDL</NAME>
     <PGMID>R3TR</PGMID>
     <TROBJ_TYPE>IWMO</TROBJ_TYPE>
     <TROBJ_NAME>ZMEDIALNK_SB_MDL</TROBJ_NAME>
     <GEN_ART_TYPE>MDL</GEN_ART_TYPE>
    </_-IWBEP_-I_SBD_GA>
    <_-IWBEP_-I_SBD_GA>
     <PROJECT>ZMEDIALNK_SB</PROJECT>
     <NODE_UUID>AFBWiRncHtui+4utOH3QUA==</NODE_UUID>
     <CREATION_USER_ID>SBAKALAOV</CREATION_USER_ID>
     <CREATION_TIME>20210323133334.774794</CREATION_TIME>
     <NAME>ZMEDIALNK_SB_SRV</NAME>
     <PGMID>R3TR</PGMID>
     <TROBJ_TYPE>IWSV</TROBJ_TYPE>
     <TROBJ_NAME>ZMEDIALNK_SB_SRV</TROBJ_NAME>
     <GEN_ART_TYPE>SRV</GEN_ART_TYPE>
    </_-IWBEP_-I_SBD_GA>
   </_-IWBEP_-I_SBD_GA>
   <_-IWBEP_-I_SBD_GAT>
    <_-IWBEP_-I_SBD_GAT>
     <SYLANGU>E</SYLANGU>
     <PROJECT>ZMEDIALNK_SB</PROJECT>
     <NODE_UUID>AFBWiRncHtui+4utOH0wUA==</NODE_UUID>
    </_-IWBEP_-I_SBD_GAT>
    <_-IWBEP_-I_SBD_GAT>
     <SYLANGU>E</SYLANGU>
     <PROJECT>ZMEDIALNK_SB</PROJECT>
     <NODE_UUID>AFBWiRncHtui+4utOH1QUA==</NODE_UUID>
    </_-IWBEP_-I_SBD_GAT>
    <_-IWBEP_-I_SBD_GAT>
     <SYLANGU>E</SYLANGU>
     <PROJECT>ZMEDIALNK_SB</PROJECT>
     <NODE_UUID>AFBWiRncHtui+4utOH1wUA==</NODE_UUID>
    </_-IWBEP_-I_SBD_GAT>
    <_-IWBEP_-I_SBD_GAT>
     <SYLANGU>E</SYLANGU>
     <PROJECT>ZMEDIALNK_SB</PROJECT>
     <NODE_UUID>AFBWiRncHtui+4utOH2QUA==</NODE_UUID>
    </_-IWBEP_-I_SBD_GAT>
    <_-IWBEP_-I_SBD_GAT>
     <SYLANGU>E</SYLANGU>
     <PROJECT>ZMEDIALNK_SB</PROJECT>
     <NODE_UUID>AFBWiRncHtui+4utOH2wUA==</NODE_UUID>
    </_-IWBEP_-I_SBD_GAT>
    <_-IWBEP_-I_SBD_GAT>
     <SYLANGU>E</SYLANGU>
     <PROJECT>ZMEDIALNK_SB</PROJECT>
     <NODE_UUID>AFBWiRncHtui+4utOH3QUA==</NODE_UUID>
    </_-IWBEP_-I_SBD_GAT>
   </_-IWBEP_-I_SBD_GAT>
   <_-IWBEP_-I_SBD_MD>
    <_-IWBEP_-I_SBD_MD>
     <PROJECT>ZMEDIALNK_SB</PROJECT>
     <NODE_UUID>AFBWiRncHtui+0G2jkjvdg==</NODE_UUID>
     <NODE_UUID_PA>AFBWiRncHtui+0G2jkjPdg==</NODE_UUID_PA>
     <PLUGIN_PA>/IWBEP/CORE</PLUGIN_PA>
     <NODE_TYPE_PA>PROJ</NODE_TYPE_PA>
     <TECHNICAL_NAME>ZMEDIALNK_SB_MDL</TECHNICAL_NAME>
     <VERSION>0001</VERSION>
     <MPC>ZCL_ZMEDIALNK_SB_MPC_EXT</MPC>
     <STATE_NS>S</STATE_NS>
     <VALUE_NS>ZMEDIALNK_SB_SRV</VALUE_NS>
    </_-IWBEP_-I_SBD_MD>
   </_-IWBEP_-I_SBD_MD>
   <_-IWBEP_-I_SBD_MDT>
    <_-IWBEP_-I_SBD_MDT>
     <SYLANGU>E</SYLANGU>
     <PROJECT>ZMEDIALNK_SB</PROJECT>
     <NODE_UUID>AFBWiRncHtui+0G2jkjvdg==</NODE_UUID>
    </_-IWBEP_-I_SBD_MDT>
   </_-IWBEP_-I_SBD_MDT>
   <_-IWBEP_-I_SBD_NOI>
    <_-IWBEP_-I_SBD_NOI>
     <PROJECT>ZMEDIALNK_SB</PROJECT>
     <NODE_UUID>AFBWiRncHtui+0G2jkjPdg==</NODE_UUID>
    </_-IWBEP_-I_SBD_NOI>
    <_-IWBEP_-I_SBD_NOI>
     <PROJECT>ZMEDIALNK_SB</PROJECT>
     <NODE_UUID>AFBWiRncHtui+0G2jkjvdg==</NODE_UUID>
    </_-IWBEP_-I_SBD_NOI>
    <_-IWBEP_-I_SBD_NOI>
     <PROJECT>ZMEDIALNK_SB</PROJECT>
     <NODE_UUID>AFBWiRncHtui+0G2jkkPdg==</NODE_UUID>
    </_-IWBEP_-I_SBD_NOI>
    <_-IWBEP_-I_SBD_NOI>
     <PROJECT>ZMEDIALNK_SB</PROJECT>
     <NODE_UUID>AFBWiRncHtui+0jbMp+Phw==</NODE_UUID>
    </_-IWBEP_-I_SBD_NOI>
    <_-IWBEP_-I_SBD_NOI>
     <PROJECT>ZMEDIALNK_SB</PROJECT>
     <NODE_UUID>AFBWiRncHtui+0s2pQkPiA==</NODE_UUID>
     <TYPE>DASO</TYPE>
     <NAME>0050568919DC1EDBA2FB48DB329F8F87ZEMP_CALENDAR</NAME>
    </_-IWBEP_-I_SBD_NOI>
    <_-IWBEP_-I_SBD_NOI>
     <PROJECT>ZMEDIALNK_SB</PROJECT>
     <NODE_UUID>AFBWiRncHtui+0s2pQkviA==</NODE_UUID>
     <TYPE>DASO</TYPE>
     <NAME>0050568919DC1EDBA2FB48DB329F8F87ZEMP_CALENDAR\MANDT</NAME>
    </_-IWBEP_-I_SBD_NOI>
    <_-IWBEP_-I_SBD_NOI>
     <PROJECT>ZMEDIALNK_SB</PROJECT>
     <NODE_UUID>AFBWiRncHtui+0s2pQlPiA==</NODE_UUID>
     <TYPE>DASO</TYPE>
     <NAME>0050568919DC1EDBA2FB48DB329F8F87ZEMP_CALENDAR\USER_ID</NAME>
    </_-IWBEP_-I_SBD_NOI>
    <_-IWBEP_-I_SBD_NOI>
     <PROJECT>ZMEDIALNK_SB</PROJECT>
     <NODE_UUID>AFBWiRncHtui+0s2pQlviA==</NODE_UUID>
     <TYPE>DASO</TYPE>
     <NAME>0050568919DC1EDBA2FB48DB329F8F87ZEMP_CALENDAR\PICTURE</NAME>
    </_-IWBEP_-I_SBD_NOI>
    <_-IWBEP_-I_SBD_NOI>
     <PROJECT>ZMEDIALNK_SB</PROJECT>
     <NODE_UUID>AFBWiRncHtui+0s2pQmPiA==</NODE_UUID>
     <TYPE>DASO</TYPE>
     <NAME>0050568919DC1EDBA2FB48DB329F8F87ZEMP_CALENDAR\MIMETYPE</NAME>
    </_-IWBEP_-I_SBD_NOI>
    <_-IWBEP_-I_SBD_NOI>
     <PROJECT>ZMEDIALNK_SB</PROJECT>
     <NODE_UUID>AFBWiRncHtui+0s2pQmviA==</NODE_UUID>
    </_-IWBEP_-I_SBD_NOI>
    <_-IWBEP_-I_SBD_NOI>
     <PROJECT>ZMEDIALNK_SB</PROJECT>
     <NODE_UUID>AFBWiRncHtui+0s2pQnPiA==</NODE_UUID>
    </_-IWBEP_-I_SBD_NOI>
    <_-IWBEP_-I_SBD_NOI>
     <PROJECT>ZMEDIALNK_SB</PROJECT>
     <NODE_UUID>AFBWiRncHtui+0s2pQnviA==</NODE_UUID>
    </_-IWBEP_-I_SBD_NOI>
    <_-IWBEP_-I_SBD_NOI>
     <PROJECT>ZMEDIALNK_SB</PROJECT>
     <NODE_UUID>AFBWiRncHtui+0s2pQoPiA==</NODE_UUID>
    </_-IWBEP_-I_SBD_NOI>
    <_-IWBEP_-I_SBD_NOI>
     <PROJECT>ZMEDIALNK_SB</PROJECT>
     <NODE_UUID>AFBWiRncHtui+0s2pQoviA==</NODE_UUID>
    </_-IWBEP_-I_SBD_NOI>
    <_-IWBEP_-I_SBD_NOI>
     <PROJECT>ZMEDIALNK_SB</PROJECT>
     <NODE_UUID>AFBWiRncHtui+0s2pQpPiA==</NODE_UUID>
    </_-IWBEP_-I_SBD_NOI>
    <_-IWBEP_-I_SBD_NOI>
     <PROJECT>ZMEDIALNK_SB</PROJECT>
     <NODE_UUID>AFBWiRncHtui+0s2pQpviA==</NODE_UUID>
    </_-IWBEP_-I_SBD_NOI>
    <_-IWBEP_-I_SBD_NOI>
     <PROJECT>ZMEDIALNK_SB</PROJECT>
     <NODE_UUID>AFBWiRncHtui+4utOH0QUA==</NODE_UUID>
    </_-IWBEP_-I_SBD_NOI>
    <_-IWBEP_-I_SBD_NOI>
     <PROJECT>ZMEDIALNK_SB</PROJECT>
     <NODE_UUID>AFBWiRncHtui+4utOH0wUA==</NODE_UUID>
    </_-IWBEP_-I_SBD_NOI>
    <_-IWBEP_-I_SBD_NOI>
     <PROJECT>ZMEDIALNK_SB</PROJECT>
     <NODE_UUID>AFBWiRncHtui+4utOH1QUA==</NODE_UUID>
    </_-IWBEP_-I_SBD_NOI>
    <_-IWBEP_-I_SBD_NOI>
     <PROJECT>ZMEDIALNK_SB</PROJECT>
     <NODE_UUID>AFBWiRncHtui+4utOH1wUA==</NODE_UUID>
    </_-IWBEP_-I_SBD_NOI>
    <_-IWBEP_-I_SBD_NOI>
     <PROJECT>ZMEDIALNK_SB</PROJECT>
     <NODE_UUID>AFBWiRncHtui+4utOH2QUA==</NODE_UUID>
    </_-IWBEP_-I_SBD_NOI>
    <_-IWBEP_-I_SBD_NOI>
     <PROJECT>ZMEDIALNK_SB</PROJECT>
     <NODE_UUID>AFBWiRncHtui+4utOH2wUA==</NODE_UUID>
    </_-IWBEP_-I_SBD_NOI>
    <_-IWBEP_-I_SBD_NOI>
     <PROJECT>ZMEDIALNK_SB</PROJECT>
     <NODE_UUID>AFBWiRncHtui+4utOH3QUA==</NODE_UUID>
    </_-IWBEP_-I_SBD_NOI>
   </_-IWBEP_-I_SBD_NOI>
   <_-IWBEP_-I_SBD_OP>
    <_-IWBEP_-I_SBD_OP>
     <PROJECT>ZMEDIALNK_SB</PROJECT>
     <NODE_UUID>AFBWiRncHtui+0s2pQnviA==</NODE_UUID>
     <PARENT_UUID>AFBWiRncHtui+0s2pQnPiA==</PARENT_UUID>
     <NAME>Create</NAME>
     <OPERATION_TYPE>C</OPERATION_TYPE>
     <IMP_METHOD>GETIMAGESET_CREATE_ENTITY</IMP_METHOD>
    </_-IWBEP_-I_SBD_OP>
    <_-IWBEP_-I_SBD_OP>
     <PROJECT>ZMEDIALNK_SB</PROJECT>
     <NODE_UUID>AFBWiRncHtui+0s2pQoPiA==</NODE_UUID>
     <PARENT_UUID>AFBWiRncHtui+0s2pQnPiA==</PARENT_UUID>
     <NAME>GetEntity (Read)</NAME>
     <OPERATION_TYPE>R</OPERATION_TYPE>
     <IMP_METHOD>GETIMAGESET_GET_ENTITY</IMP_METHOD>
    </_-IWBEP_-I_SBD_OP>
    <_-IWBEP_-I_SBD_OP>
     <PROJECT>ZMEDIALNK_SB</PROJECT>
     <NODE_UUID>AFBWiRncHtui+0s2pQoviA==</NODE_UUID>
     <PARENT_UUID>AFBWiRncHtui+0s2pQnPiA==</PARENT_UUID>
     <NAME>Update</NAME>
     <OPERATION_TYPE>U</OPERATION_TYPE>
     <IMP_METHOD>GETIMAGESET_UPDATE_ENTITY</IMP_METHOD>
    </_-IWBEP_-I_SBD_OP>
    <_-IWBEP_-I_SBD_OP>
     <PROJECT>ZMEDIALNK_SB</PROJECT>
     <NODE_UUID>AFBWiRncHtui+0s2pQpPiA==</NODE_UUID>
     <PARENT_UUID>AFBWiRncHtui+0s2pQnPiA==</PARENT_UUID>
     <NAME>Delete</NAME>
     <OPERATION_TYPE>D</OPERATION_TYPE>
     <IMP_METHOD>GETIMAGESET_DELETE_ENTITY</IMP_METHOD>
    </_-IWBEP_-I_SBD_OP>
    <_-IWBEP_-I_SBD_OP>
     <PROJECT>ZMEDIALNK_SB</PROJECT>
     <NODE_UUID>AFBWiRncHtui+0s2pQpviA==</NODE_UUID>
     <PARENT_UUID>AFBWiRncHtui+0s2pQnPiA==</PARENT_UUID>
     <NAME>GetEntitySet (Query)</NAME>
     <OPERATION_TYPE>Q</OPERATION_TYPE>
     <IMP_METHOD>GETIMAGESET_GET_ENTITYSET</IMP_METHOD>
    </_-IWBEP_-I_SBD_OP>
   </_-IWBEP_-I_SBD_OP>
   <_-IWBEP_-I_SBD_OPT>
    <_-IWBEP_-I_SBD_OPT>
     <SYLANGU>E</SYLANGU>
     <PROJECT>ZMEDIALNK_SB</PROJECT>
     <NODE_UUID>AFBWiRncHtui+0s2pQnviA==</NODE_UUID>
    </_-IWBEP_-I_SBD_OPT>
    <_-IWBEP_-I_SBD_OPT>
     <SYLANGU>E</SYLANGU>
     <PROJECT>ZMEDIALNK_SB</PROJECT>
     <NODE_UUID>AFBWiRncHtui+0s2pQoPiA==</NODE_UUID>
    </_-IWBEP_-I_SBD_OPT>
    <_-IWBEP_-I_SBD_OPT>
     <SYLANGU>E</SYLANGU>
     <PROJECT>ZMEDIALNK_SB</PROJECT>
     <NODE_UUID>AFBWiRncHtui+0s2pQoviA==</NODE_UUID>
    </_-IWBEP_-I_SBD_OPT>
    <_-IWBEP_-I_SBD_OPT>
     <SYLANGU>E</SYLANGU>
     <PROJECT>ZMEDIALNK_SB</PROJECT>
     <NODE_UUID>AFBWiRncHtui+0s2pQpPiA==</NODE_UUID>
    </_-IWBEP_-I_SBD_OPT>
    <_-IWBEP_-I_SBD_OPT>
     <SYLANGU>E</SYLANGU>
     <PROJECT>ZMEDIALNK_SB</PROJECT>
     <NODE_UUID>AFBWiRncHtui+0s2pQpviA==</NODE_UUID>
    </_-IWBEP_-I_SBD_OPT>
   </_-IWBEP_-I_SBD_OPT>
   <_-IWBEP_-I_SBD_PR>
    <_-IWBEP_-I_SBD_PR>
     <PROJECT>ZMEDIALNK_SB</PROJECT>
     <NODE_UUID>AFBWiRncHtui+0G2jkjPdg==</NODE_UUID>
     <CREATION_USER_ID>SBAKALAOV</CREATION_USER_ID>
     <CREATION_TIME>20210323131701.399789</CREATION_TIME>
     <LAST_CHG_USER_ID>SBAKALAOV</LAST_CHG_USER_ID>
     <LAST_CHG_TIME>20210323133538.243581</LAST_CHG_TIME>
     <LAST_CHG_STATE>AFBWiRncHtui+5TfZ7mQgQ==</LAST_CHG_STATE>
     <PLUGIN>/IWBEP/GEN</PLUGIN>
     <STRAT_NAME>0001</STRAT_NAME>
     <STRAT_VERSION>0001</STRAT_VERSION>
     <PROJECT_TYPE>1</PROJECT_TYPE>
    </_-IWBEP_-I_SBD_PR>
   </_-IWBEP_-I_SBD_PR>
   <_-IWBEP_-I_SBD_PRT>
    <_-IWBEP_-I_SBD_PRT>
     <PROJECT>ZMEDIALNK_SB</PROJECT>
     <SYLANGU>E</SYLANGU>
     <DESCRIPTION>image upload for onPremise ResourceManagement</DESCRIPTION>
    </_-IWBEP_-I_SBD_PRT>
   </_-IWBEP_-I_SBD_PRT>
   <_-IWBEP_-I_SBD_SE>
    <_-IWBEP_-I_SBD_SE>
     <PROJECT>ZMEDIALNK_SB</PROJECT>
     <NODE_UUID>AFBWiRncHtui+0s2pQnPiA==</NODE_UUID>
     <PARENT_UUID>AFBWiRncHtui+0G2jkkPdg==</PARENT_UUID>
     <NAME>getImageSet</NAME>
     <ENTITY_SET_UUID>AFBWiRncHtui+0s2pQmviA==</ENTITY_SET_UUID>
    </_-IWBEP_-I_SBD_SE>
   </_-IWBEP_-I_SBD_SE>
   <_-IWBEP_-I_SBD_SET>
    <_-IWBEP_-I_SBD_SET>
     <SYLANGU>E</SYLANGU>
     <PROJECT>ZMEDIALNK_SB</PROJECT>
     <NODE_UUID>AFBWiRncHtui+0s2pQnPiA==</NODE_UUID>
    </_-IWBEP_-I_SBD_SET>
   </_-IWBEP_-I_SBD_SET>
   <_-IWBEP_-I_SBD_SV>
    <_-IWBEP_-I_SBD_SV>
     <PROJECT>ZMEDIALNK_SB</PROJECT>
     <NODE_UUID>AFBWiRncHtui+0G2jkkPdg==</NODE_UUID>
     <TECHNICAL_NAME>ZMEDIALNK_SB_SRV</TECHNICAL_NAME>
     <VERSION>0001</VERSION>
     <DPC>ZCL_ZMEDIALNK_SB_DPC_EXT</DPC>
     <EXTERNAL_NAME>ZMEDIALNK_SB_SRV</EXTERNAL_NAME>
    </_-IWBEP_-I_SBD_SV>
   </_-IWBEP_-I_SBD_SV>
   <_-IWBEP_-I_SBD_SVT>
    <_-IWBEP_-I_SBD_SVT>
     <SYLANGU>E</SYLANGU>
     <PROJECT>ZMEDIALNK_SB</PROJECT>
     <NODE_UUID>AFBWiRncHtui+0G2jkkPdg==</NODE_UUID>
    </_-IWBEP_-I_SBD_SVT>
   </_-IWBEP_-I_SBD_SVT>
   <_-IWBEP_-I_SBO_ES>
    <_-IWBEP_-I_SBO_ES>
     <PROJECT>ZMEDIALNK_SB</PROJECT>
     <NODE_UUID>AFBWiRncHtui+0s2pQmviA==</NODE_UUID>
     <MODEL>AFBWiRncHtui+0G2jkjvdg==</MODEL>
     <NAME>getImageSet</NAME>
     <ENTITY_TYPE>AFBWiRncHtui+0s2pQkPiA==</ENTITY_TYPE>
     <ADDRESSABLE>X</ADDRESSABLE>
     <REF_TYPE>T</REF_TYPE>
     <TECH_NAME>GETIMAGESET</TECH_NAME>
     <CREATABLE_XU>X</CREATABLE_XU>
     <UPDATABLE_XU>X</UPDATABLE_XU>
     <DELETABLE_XU>X</DELETABLE_XU>
     <PAGEABLE_XU>X</PAGEABLE_XU>
     <SEARCHABLE_XU>X</SEARCHABLE_XU>
     <SUBSCRIBABLE_XU>X</SUBSCRIBABLE_XU>
     <REQUIRES_FLT_XU>X</REQUIRES_FLT_XU>
     <SEMANTIC_XU>X</SEMANTIC_XU>
     <LABEL_REF_XU>X</LABEL_REF_XU>
     <DESCRIPTION_XU>X</DESCRIPTION_XU>
     <ESET_LABEL_XU>X</ESET_LABEL_XU>
     <IN_SERV_DOCU>X</IN_SERV_DOCU>
    </_-IWBEP_-I_SBO_ES>
   </_-IWBEP_-I_SBO_ES>
   <_-IWBEP_-I_SBO_EST>
    <_-IWBEP_-I_SBO_EST>
     <SYLANGU>E</SYLANGU>
     <PROJECT>ZMEDIALNK_SB</PROJECT>
     <NODE_UUID>AFBWiRncHtui+0s2pQmviA==</NODE_UUID>
    </_-IWBEP_-I_SBO_EST>
   </_-IWBEP_-I_SBO_EST>
   <_-IWBEP_-I_SBO_ET>
    <_-IWBEP_-I_SBO_ET>
     <PROJECT>ZMEDIALNK_SB</PROJECT>
     <NODE_UUID>AFBWiRncHtui+0s2pQkPiA==</NODE_UUID>
     <NAME>getImage</NAME>
     <IS_MEDIA>X</IS_MEDIA>
     <MODEL>AFBWiRncHtui+0G2jkjvdg==</MODEL>
     <REF_TYPE>T</REF_TYPE>
     <ABAP_STRUCT>ZEMP_CALENDAR</ABAP_STRUCT>
     <TECH_NAME>GETIMAGE</TECH_NAME>
     <DESCRIPTION_XU>X</DESCRIPTION_XU>
    </_-IWBEP_-I_SBO_ET>
   </_-IWBEP_-I_SBO_ET>
   <_-IWBEP_-I_SBO_ETT>
    <_-IWBEP_-I_SBO_ETT>
     <SYLANGU>E</SYLANGU>
     <PROJECT>ZMEDIALNK_SB</PROJECT>
     <NODE_UUID>AFBWiRncHtui+0s2pQkPiA==</NODE_UUID>
    </_-IWBEP_-I_SBO_ETT>
   </_-IWBEP_-I_SBO_ETT>
   <_-IWBEP_-I_SBO_PR>
    <_-IWBEP_-I_SBO_PR>
     <PROJECT>ZMEDIALNK_SB</PROJECT>
     <NODE_UUID>AFBWiRncHtui+0s2pQkviA==</NODE_UUID>
     <PARENT_UUID>AFBWiRncHtui+0s2pQkPiA==</PARENT_UUID>
     <NAME>Mandt</NAME>
     <IS_KEY>X</IS_KEY>
     <MAX_LENGTH>3</MAX_LENGTH>
     <EDM_CORE_TYPE>Edm.String</EDM_CORE_TYPE>
     <REF_TYPE>T</REF_TYPE>
     <ABAP_FIELD>MANDT</ABAP_FIELD>
     <REQUIREFILTER_XU>X</REQUIREFILTER_XU>
     <UNIT_PROP_XU>X</UNIT_PROP_XU>
     <ABTY_XU>X</ABTY_XU>
     <SORT_ORDER>1</SORT_ORDER>
     <DESCRIPTION_XU>X</DESCRIPTION_XU>
    </_-IWBEP_-I_SBO_PR>
    <_-IWBEP_-I_SBO_PR>
     <PROJECT>ZMEDIALNK_SB</PROJECT>
     <NODE_UUID>AFBWiRncHtui+0s2pQlPiA==</NODE_UUID>
     <PARENT_UUID>AFBWiRncHtui+0s2pQkPiA==</PARENT_UUID>
     <NAME>UserId</NAME>
     <IS_KEY>X</IS_KEY>
     <EDM_CORE_TYPE>Edm.Int64</EDM_CORE_TYPE>
     <REF_TYPE>T</REF_TYPE>
     <ABAP_FIELD>USER_ID</ABAP_FIELD>
     <REQUIREFILTER_XU>X</REQUIREFILTER_XU>
     <UNIT_PROP_XU>X</UNIT_PROP_XU>
     <ABTY_XU>X</ABTY_XU>
     <SORT_ORDER>2</SORT_ORDER>
     <DESCRIPTION_XU>X</DESCRIPTION_XU>
    </_-IWBEP_-I_SBO_PR>
    <_-IWBEP_-I_SBO_PR>
     <PROJECT>ZMEDIALNK_SB</PROJECT>
     <NODE_UUID>AFBWiRncHtui+0s2pQlviA==</NODE_UUID>
     <PARENT_UUID>AFBWiRncHtui+0s2pQkPiA==</PARENT_UUID>
     <NAME>Picture</NAME>
     <EDM_CORE_TYPE>Edm.Binary</EDM_CORE_TYPE>
     <REF_TYPE>T</REF_TYPE>
     <ABAP_FIELD>PICTURE</ABAP_FIELD>
     <REQUIREFILTER_XU>X</REQUIREFILTER_XU>
     <UNIT_PROP_XU>X</UNIT_PROP_XU>
     <ABTY_XU>X</ABTY_XU>
     <SORT_ORDER>3</SORT_ORDER>
     <DESCRIPTION_XU>X</DESCRIPTION_XU>
    </_-IWBEP_-I_SBO_PR>
    <_-IWBEP_-I_SBO_PR>
     <PROJECT>ZMEDIALNK_SB</PROJECT>
     <NODE_UUID>AFBWiRncHtui+0s2pQmPiA==</NODE_UUID>
     <PARENT_UUID>AFBWiRncHtui+0s2pQkPiA==</PARENT_UUID>
     <NAME>Mimetype</NAME>
     <MAX_LENGTH>100</MAX_LENGTH>
     <EDM_CORE_TYPE>Edm.String</EDM_CORE_TYPE>
     <REF_TYPE>T</REF_TYPE>
     <ABAP_FIELD>MIMETYPE</ABAP_FIELD>
     <REQUIREFILTER_XU>X</REQUIREFILTER_XU>
     <UNIT_PROP_XU>X</UNIT_PROP_XU>
     <ABTY_XU>X</ABTY_XU>
     <SORT_ORDER>4</SORT_ORDER>
     <DESCRIPTION_XU>X</DESCRIPTION_XU>
    </_-IWBEP_-I_SBO_PR>
   </_-IWBEP_-I_SBO_PR>
   <_-IWBEP_-I_SBO_PRT>
    <_-IWBEP_-I_SBO_PRT>
     <SYLANGU>E</SYLANGU>
     <PROJECT>ZMEDIALNK_SB</PROJECT>
     <NODE_UUID>AFBWiRncHtui+0s2pQkviA==</NODE_UUID>
     <PROP_LABEL>Client</PROP_LABEL>
    </_-IWBEP_-I_SBO_PRT>
    <_-IWBEP_-I_SBO_PRT>
     <SYLANGU>E</SYLANGU>
     <PROJECT>ZMEDIALNK_SB</PROJECT>
     <NODE_UUID>AFBWiRncHtui+0s2pQlPiA==</NODE_UUID>
     <PROP_LABEL>User ID</PROP_LABEL>
    </_-IWBEP_-I_SBO_PRT>
    <_-IWBEP_-I_SBO_PRT>
     <SYLANGU>E</SYLANGU>
     <PROJECT>ZMEDIALNK_SB</PROJECT>
     <NODE_UUID>AFBWiRncHtui+0s2pQlviA==</NODE_UUID>
     <PROP_LABEL>Binary String</PROP_LABEL>
    </_-IWBEP_-I_SBO_PRT>
    <_-IWBEP_-I_SBO_PRT>
     <SYLANGU>E</SYLANGU>
     <PROJECT>ZMEDIALNK_SB</PROJECT>
     <NODE_UUID>AFBWiRncHtui+0s2pQmPiA==</NODE_UUID>
     <PROP_LABEL>Character 100</PROP_LABEL>
    </_-IWBEP_-I_SBO_PRT>
   </_-IWBEP_-I_SBO_PRT>
  </asx:values>
 </asx:abap>
</abapGit>
