﻿<?xml version="1.0" encoding="utf-8"?>
<abapGit version="v1.0.0" serializer="LCL_OBJECT_CLAS" serializer_version="v1.0.0">
 <asx:abap xmlns:asx="http://www.sap.com/abapxml" version="1.0">
  <asx:values>
   <VSEOCLASS>
    <CLSNAME>ZCL_ZGAMES_01_MPC</CLSNAME>
    <LANGU>E</LANGU>
    <DESCRIPT>ZCL_ZGAMES_01_MPC</DESCRIPT>
    <STATE>1</STATE>
    <CLSCCINCL>X</CLSCCINCL>
    <FIXPT>X</FIXPT>
    <UNICODE>X</UNICODE>
   </VSEOCLASS>
   <TPOOL>
    <item>
     <ID>I</ID>
     <KEY>001</KEY>
     <ENTRY>Component of the Version Number</ENTRY>
     <LENGTH>132</LENGTH>
    </item>
    <item>
     <ID>I</ID>
     <KEY>002</KEY>
     <ENTRY>Character 100</ENTRY>
     <LENGTH>132</LENGTH>
    </item>
    <item>
     <ID>I</ID>
     <KEY>003</KEY>
     <ENTRY>Username</ENTRY>
     <LENGTH>132</LENGTH>
    </item>
   </TPOOL>
   <DESCRIPTIONS>
    <SEOCOMPOTX>
     <CLSNAME>ZCL_ZGAMES_01_MPC</CLSNAME>
     <CMPNAME>DEFINE_ACTIONS</CMPNAME>
     <LANGU>E</LANGU>
     <DESCRIPT>DEFINE_ACTIONS</DESCRIPT>
    </SEOCOMPOTX>
    <SEOCOMPOTX>
     <CLSNAME>ZCL_ZGAMES_01_MPC</CLSNAME>
     <CMPNAME>DEFINE_ASSOCIATIONS</CMPNAME>
     <LANGU>E</LANGU>
     <DESCRIPT>DEFINE_ASSOCIATIONS</DESCRIPT>
    </SEOCOMPOTX>
    <SEOCOMPOTX>
     <CLSNAME>ZCL_ZGAMES_01_MPC</CLSNAME>
     <CMPNAME>DEFINE_COMPLEXTYPES</CMPNAME>
     <LANGU>E</LANGU>
     <DESCRIPT>DEFINE_COMPLEXTYPES</DESCRIPT>
    </SEOCOMPOTX>
    <SEOCOMPOTX>
     <CLSNAME>ZCL_ZGAMES_01_MPC</CLSNAME>
     <CMPNAME>DEFINE_GAMES</CMPNAME>
     <LANGU>E</LANGU>
     <DESCRIPT>DEFINE_GAMES</DESCRIPT>
    </SEOCOMPOTX>
    <SEOCOMPOTX>
     <CLSNAME>ZCL_ZGAMES_01_MPC</CLSNAME>
     <CMPNAME>DEFINE_IMAGE</CMPNAME>
     <LANGU>E</LANGU>
     <DESCRIPT>DEFINE_IMAGE</DESCRIPT>
    </SEOCOMPOTX>
    <SEOCOMPOTX>
     <CLSNAME>ZCL_ZGAMES_01_MPC</CLSNAME>
     <CMPNAME>DEFINE_PLAYERS</CMPNAME>
     <LANGU>E</LANGU>
     <DESCRIPT>DEFINE_PLAYERS</DESCRIPT>
    </SEOCOMPOTX>
    <SEOCOMPOTX>
     <CLSNAME>ZCL_ZGAMES_01_MPC</CLSNAME>
     <CMPNAME>DEFINE_RDS_4</CMPNAME>
     <LANGU>E</LANGU>
     <DESCRIPT>DEFINE_RDS_4</DESCRIPT>
    </SEOCOMPOTX>
    <SEOCOMPOTX>
     <CLSNAME>ZCL_ZGAMES_01_MPC</CLSNAME>
     <CMPNAME>GET_LAST_MODIFIED_RDS_4</CMPNAME>
     <LANGU>E</LANGU>
     <DESCRIPT>GET_LAST_MODIFIED_RDS_4</DESCRIPT>
    </SEOCOMPOTX>
    <SEOCOMPOTX>
     <CLSNAME>ZCL_ZGAMES_01_MPC</CLSNAME>
     <CMPNAME>LOAD_TEXT_ELEMENTS</CMPNAME>
     <LANGU>E</LANGU>
     <DESCRIPT>LOAD_TEXT_ELEMENTS</DESCRIPT>
    </SEOCOMPOTX>
   </DESCRIPTIONS>
  </asx:values>
 </asx:abap>
</abapGit>
