﻿<?xml version="1.0" encoding="utf-8"?>
<abapGit version="v1.0.0" serializer="LCL_OBJECT_TABL" serializer_version="v1.0.0">
 <asx:abap xmlns:asx="http://www.sap.com/abapxml" version="1.0">
  <asx:values>
   <DD02V>
    <TABNAME>ZSIGAMES_PLAYERS_D</TABNAME>
    <DDLANGUAGE>E</DDLANGUAGE>
    <TABCLASS>INTTAB</TABCLASS>
    <DDTEXT>#GENERATED#</DDTEXT>
    <EXCLASS>1</EXCLASS>
   </DD02V>
   <DD03P_TABLE>
    <DD03P>
     <TABNAME>ZSIGAMES_PLAYERS_D</TABNAME>
     <FIELDNAME>NAME</FIELDNAME>
     <POSITION>0001</POSITION>
     <KEYFLAG>X</KEYFLAG>
     <ROLLNAME>NAME1</ROLLNAME>
     <ADMINFIELD>0</ADMINFIELD>
     <COMPTYPE>E</COMPTYPE>
    </DD03P>
    <DD03P>
     <TABNAME>ZSIGAMES_PLAYERS_D</TABNAME>
     <FIELDNAME>ZPATCH</FIELDNAME>
     <POSITION>0002</POSITION>
     <ROLLNAME>ZPATCH</ROLLNAME>
     <ADMINFIELD>0</ADMINFIELD>
     <COMPTYPE>E</COMPTYPE>
    </DD03P>
    <DD03P>
     <TABNAME>ZSIGAMES_PLAYERS_D</TABNAME>
     <FIELDNAME>ZGAME_ID</FIELDNAME>
     <POSITION>0003</POSITION>
     <ROLLNAME>ZID</ROLLNAME>
     <ADMINFIELD>0</ADMINFIELD>
     <COMPTYPE>E</COMPTYPE>
    </DD03P>
    <DD03P>
     <TABNAME>ZSIGAMES_PLAYERS_D</TABNAME>
     <FIELDNAME>ZDATE</FIELDNAME>
     <POSITION>0004</POSITION>
     <ROLLNAME>DATS</ROLLNAME>
     <ADMINFIELD>0</ADMINFIELD>
     <SHLPORIGIN>T</SHLPORIGIN>
     <COMPTYPE>E</COMPTYPE>
    </DD03P>
    <DD03P>
     <TABNAME>ZSIGAMES_PLAYERS_D</TABNAME>
     <FIELDNAME>ZMODE</FIELDNAME>
     <POSITION>0005</POSITION>
     <ROLLNAME>ZMODE</ROLLNAME>
     <ADMINFIELD>0</ADMINFIELD>
     <COMPTYPE>E</COMPTYPE>
    </DD03P>
    <DD03P>
     <TABNAME>ZSIGAMES_PLAYERS_D</TABNAME>
     <FIELDNAME>ZSERVER</FIELDNAME>
     <POSITION>0006</POSITION>
     <ROLLNAME>ZSERVER</ROLLNAME>
     <ADMINFIELD>0</ADMINFIELD>
     <COMPTYPE>E</COMPTYPE>
    </DD03P>
    <DD03P>
     <TABNAME>ZSIGAMES_PLAYERS_D</TABNAME>
     <FIELDNAME>ZLANGUAGE</FIELDNAME>
     <POSITION>0007</POSITION>
     <ROLLNAME>ZLANGUAGE</ROLLNAME>
     <ADMINFIELD>0</ADMINFIELD>
     <COMPTYPE>E</COMPTYPE>
    </DD03P>
    <DD03P>
     <TABNAME>ZSIGAMES_PLAYERS_D</TABNAME>
     <FIELDNAME>ZREGION</FIELDNAME>
     <POSITION>0008</POSITION>
     <ROLLNAME>ZREGION</ROLLNAME>
     <ADMINFIELD>0</ADMINFIELD>
     <COMPTYPE>E</COMPTYPE>
    </DD03P>
    <DD03P>
     <TABNAME>ZSIGAMES_PLAYERS_D</TABNAME>
     <FIELDNAME>PATCH</FIELDNAME>
     <POSITION>0009</POSITION>
     <ROLLNAME>ZPATCH</ROLLNAME>
     <ADMINFIELD>0</ADMINFIELD>
     <COMPTYPE>E</COMPTYPE>
    </DD03P>
    <DD03P>
     <TABNAME>ZSIGAMES_PLAYERS_D</TABNAME>
     <FIELDNAME>GAMEID</FIELDNAME>
     <POSITION>0010</POSITION>
     <ROLLNAME>ZID</ROLLNAME>
     <ADMINFIELD>0</ADMINFIELD>
     <COMPTYPE>E</COMPTYPE>
    </DD03P>
    <DD03P>
     <TABNAME>ZSIGAMES_PLAYERS_D</TABNAME>
     <FIELDNAME>DATEGAME</FIELDNAME>
     <POSITION>0011</POSITION>
     <ROLLNAME>DATS</ROLLNAME>
     <ADMINFIELD>0</ADMINFIELD>
     <SHLPORIGIN>T</SHLPORIGIN>
     <COMPTYPE>E</COMPTYPE>
    </DD03P>
    <DD03P>
     <TABNAME>ZSIGAMES_PLAYERS_D</TABNAME>
     <FIELDNAME>MODEGAME</FIELDNAME>
     <POSITION>0012</POSITION>
     <ROLLNAME>ZMODE</ROLLNAME>
     <ADMINFIELD>0</ADMINFIELD>
     <COMPTYPE>E</COMPTYPE>
    </DD03P>
    <DD03P>
     <TABNAME>ZSIGAMES_PLAYERS_D</TABNAME>
     <FIELDNAME>SERVER</FIELDNAME>
     <POSITION>0013</POSITION>
     <ROLLNAME>ZSERVER</ROLLNAME>
     <ADMINFIELD>0</ADMINFIELD>
     <COMPTYPE>E</COMPTYPE>
    </DD03P>
    <DD03P>
     <TABNAME>ZSIGAMES_PLAYERS_D</TABNAME>
     <FIELDNAME>LANGUAGE</FIELDNAME>
     <POSITION>0014</POSITION>
     <ROLLNAME>ZLANGUAGE</ROLLNAME>
     <ADMINFIELD>0</ADMINFIELD>
     <COMPTYPE>E</COMPTYPE>
    </DD03P>
    <DD03P>
     <TABNAME>ZSIGAMES_PLAYERS_D</TABNAME>
     <FIELDNAME>REGION</FIELDNAME>
     <POSITION>0015</POSITION>
     <ROLLNAME>ZREGION</ROLLNAME>
     <ADMINFIELD>0</ADMINFIELD>
     <COMPTYPE>E</COMPTYPE>
    </DD03P>
   </DD03P_TABLE>
  </asx:values>
 </asx:abap>
</abapGit>
