﻿<?xml version="1.0" encoding="utf-8"?>
<abapGit version="v1.0.0" serializer="LCL_OBJECT_TABL" serializer_version="v1.0.0">
 <asx:abap xmlns:asx="http://www.sap.com/abapxml" version="1.0">
  <asx:values>
   <DD02V>
    <TABNAME>ZSIPLAYER_D</TABNAME>
    <DDLANGUAGE>E</DDLANGUAGE>
    <TABCLASS>INTTAB</TABCLASS>
    <DDTEXT>#GENERATED#</DDTEXT>
    <EXCLASS>1</EXCLASS>
   </DD02V>
   <DD03P_TABLE>
    <DD03P>
     <TABNAME>ZSIPLAYER_D</TABNAME>
     <FIELDNAME>USERNAME</FIELDNAME>
     <POSITION>0001</POSITION>
     <KEYFLAG>X</KEYFLAG>
     <ROLLNAME>UNAME</ROLLNAME>
     <ADMINFIELD>0</ADMINFIELD>
     <COMPTYPE>E</COMPTYPE>
    </DD03P>
    <DD03P>
     <TABNAME>ZSIPLAYER_D</TABNAME>
     <FIELDNAME>FIRSTNAME</FIELDNAME>
     <POSITION>0002</POSITION>
     <ROLLNAME>/PM0/ABD_FIRSTNAME_TT</ROLLNAME>
     <ADMINFIELD>0</ADMINFIELD>
     <COMPTYPE>E</COMPTYPE>
    </DD03P>
    <DD03P>
     <TABNAME>ZSIPLAYER_D</TABNAME>
     <FIELDNAME>LASTNAME</FIELDNAME>
     <POSITION>0003</POSITION>
     <ROLLNAME>/PM0/ABD_LASTNAME_TT</ROLLNAME>
     <ADMINFIELD>0</ADMINFIELD>
     <COMPTYPE>E</COMPTYPE>
    </DD03P>
    <DD03P>
     <TABNAME>ZSIPLAYER_D</TABNAME>
     <FIELDNAME>EMAIL</FIELDNAME>
     <POSITION>0004</POSITION>
     <ROLLNAME>AD_SMTPADR</ROLLNAME>
     <ADMINFIELD>0</ADMINFIELD>
     <COMPTYPE>E</COMPTYPE>
    </DD03P>
    <DD03P>
     <TABNAME>ZSIPLAYER_D</TABNAME>
     <FIELDNAME>IS_ACTIVE</FIELDNAME>
     <POSITION>0005</POSITION>
     <ROLLNAME>BOOLE_D</ROLLNAME>
     <ADMINFIELD>0</ADMINFIELD>
     <VALEXI>X</VALEXI>
     <SHLPORIGIN>F</SHLPORIGIN>
     <COMPTYPE>E</COMPTYPE>
    </DD03P>
    <DD03P>
     <TABNAME>ZSIPLAYER_D</TABNAME>
     <FIELDNAME>PASSWORD</FIELDNAME>
     <POSITION>0006</POSITION>
     <ROLLNAME>XUCCODE</ROLLNAME>
     <ADMINFIELD>0</ADMINFIELD>
     <COMPTYPE>E</COMPTYPE>
    </DD03P>
    <DD03P>
     <TABNAME>ZSIPLAYER_D</TABNAME>
     <FIELDNAME>COUNTRY</FIELDNAME>
     <POSITION>0007</POSITION>
     <ROLLNAME>LAND1_GP</ROLLNAME>
     <ADMINFIELD>0</ADMINFIELD>
     <SHLPORIGIN>D</SHLPORIGIN>
     <COMPTYPE>E</COMPTYPE>
    </DD03P>
    <DD03P>
     <TABNAME>ZSIPLAYER_D</TABNAME>
     <FIELDNAME>ZIP</FIELDNAME>
     <POSITION>0008</POSITION>
     <ROLLNAME>IPADDRESS</ROLLNAME>
     <ADMINFIELD>0</ADMINFIELD>
     <COMPTYPE>E</COMPTYPE>
    </DD03P>
    <DD03P>
     <TABNAME>ZSIPLAYER_D</TABNAME>
     <FIELDNAME>GAMENAME</FIELDNAME>
     <POSITION>0009</POSITION>
     <ROLLNAME>NAME1</ROLLNAME>
     <ADMINFIELD>0</ADMINFIELD>
     <COMPTYPE>E</COMPTYPE>
    </DD03P>
   </DD03P_TABLE>
  </asx:values>
 </asx:abap>
</abapGit>
