﻿<?xml version="1.0" encoding="utf-8"?>
<abapGit version="v1.0.0" serializer="LCL_OBJECT_TTYP" serializer_version="v1.0.0">
 <asx:abap xmlns:asx="http://www.sap.com/abapxml" version="1.0">
  <asx:values>
   <DD40V>
    <TYPENAME>ZTIGAMES_PLAYERS</TYPENAME>
    <DDLANGUAGE>E</DDLANGUAGE>
    <ROWTYPE>ZSIGAMES_PLAYERS</ROWTYPE>
    <ROWKIND>S</ROWKIND>
    <DATATYPE>STRU</DATATYPE>
    <ACCESSMODE>T</ACCESSMODE>
    <KEYDEF>K</KEYDEF>
    <KEYKIND>N</KEYKIND>
    <KEYFDCOUNT>0002</KEYFDCOUNT>
    <DDTEXT>#GENERATED#</DDTEXT>
   </DD40V>
   <DD42V>
    <DD42V>
     <TYPENAME>ZTIGAMES_PLAYERS</TYPENAME>
     <KEYFDPOS>0001</KEYFDPOS>
     <ROWTYPEPOS>0001</ROWTYPEPOS>
     <KEYFIELD>KEY</KEYFIELD>
    </DD42V>
    <DD42V>
     <TYPENAME>ZTIGAMES_PLAYERS</TYPENAME>
     <SECKEYNAME>KEY_SORTED</SECKEYNAME>
     <KEYFDPOS>0001</KEYFDPOS>
     <ROWTYPEPOS>0001</ROWTYPEPOS>
     <KEYFIELD>KEY</KEYFIELD>
    </DD42V>
   </DD42V>
   <DD43V>
    <DD43V>
     <TYPENAME>ZTIGAMES_PLAYERS</TYPENAME>
     <SECKEYNAME>KEY_SORTED</SECKEYNAME>
     <DDLANGUAGE>E</DDLANGUAGE>
     <ACCESSMODE>S</ACCESSMODE>
     <KIND>K</KIND>
    </DD43V>
   </DD43V>
  </asx:values>
 </asx:abap>
</abapGit>
