﻿<?xml version="1.0" encoding="utf-8"?>
<abapGit version="v1.0.0" serializer="LCL_OBJECT_TABL" serializer_version="v1.0.0">
 <asx:abap xmlns:asx="http://www.sap.com/abapxml" version="1.0">
  <asx:values>
   <DD02V>
    <TABNAME>ZSICOACH_TP_SB_DR</TABNAME>
    <DDLANGUAGE>E</DDLANGUAGE>
    <TABCLASS>INTTAB</TABCLASS>
    <LANGDEP>X</LANGDEP>
    <DDTEXT>#GENERATED#</DDTEXT>
    <EXCLASS>4</EXCLASS>
   </DD02V>
   <DD03P_TABLE>
    <DD03P>
     <TABNAME>ZSICOACH_TP_SB_DR</TABNAME>
     <FIELDNAME>COACH_UUID</FIELDNAME>
     <POSITION>0001</POSITION>
     <KEYFLAG>X</KEYFLAG>
     <ROLLNAME>SNWD_NODE_KEY</ROLLNAME>
     <ADMINFIELD>0</ADMINFIELD>
     <COMPTYPE>E</COMPTYPE>
    </DD03P>
    <DD03P>
     <TABNAME>ZSICOACH_TP_SB_DR</TABNAME>
     <FIELDNAME>TEAM_UUID</FIELDNAME>
     <POSITION>0002</POSITION>
     <ROLLNAME>SNWD_NODE_KEY</ROLLNAME>
     <ADMINFIELD>0</ADMINFIELD>
     <COMPTYPE>E</COMPTYPE>
    </DD03P>
    <DD03P>
     <TABNAME>ZSICOACH_TP_SB_DR</TABNAME>
     <FIELDNAME>SPORT_UUID</FIELDNAME>
     <POSITION>0003</POSITION>
     <ROLLNAME>SNWD_NODE_KEY</ROLLNAME>
     <ADMINFIELD>0</ADMINFIELD>
     <COMPTYPE>E</COMPTYPE>
    </DD03P>
    <DD03P>
     <TABNAME>ZSICOACH_TP_SB_DR</TABNAME>
     <FIELDNAME>PLAYER_NO</FIELDNAME>
     <POSITION>0004</POSITION>
     <ROLLNAME>POSNR_VA</ROLLNAME>
     <ADMINFIELD>0</ADMINFIELD>
     <COMPTYPE>E</COMPTYPE>
    </DD03P>
    <DD03P>
     <TABNAME>ZSICOACH_TP_SB_DR</TABNAME>
     <FIELDNAME>NAME</FIELDNAME>
     <DDLANGUAGE>E</DDLANGUAGE>
     <POSITION>0005</POSITION>
     <ADMINFIELD>0</ADMINFIELD>
     <INTTYPE>g</INTTYPE>
     <INTLEN>000008</INTLEN>
     <DATATYPE>SSTR</DATATYPE>
     <LENG>000120</LENG>
     <MASK>  SSTR</MASK>
    </DD03P>
    <DD03P>
     <TABNAME>ZSICOACH_TP_SB_DR</TABNAME>
     <FIELDNAME>CREA_DATE_TIME</FIELDNAME>
     <POSITION>0006</POSITION>
     <ROLLNAME>TIMESTAMPL</ROLLNAME>
     <ADMINFIELD>0</ADMINFIELD>
     <COMPTYPE>E</COMPTYPE>
    </DD03P>
    <DD03P>
     <TABNAME>ZSICOACH_TP_SB_DR</TABNAME>
     <FIELDNAME>CREA_UNAME</FIELDNAME>
     <POSITION>0007</POSITION>
     <ROLLNAME>UNAME</ROLLNAME>
     <ADMINFIELD>0</ADMINFIELD>
     <COMPTYPE>E</COMPTYPE>
    </DD03P>
    <DD03P>
     <TABNAME>ZSICOACH_TP_SB_DR</TABNAME>
     <FIELDNAME>LCHG_DATE_TIME</FIELDNAME>
     <POSITION>0008</POSITION>
     <ROLLNAME>TIMESTAMPL</ROLLNAME>
     <ADMINFIELD>0</ADMINFIELD>
     <COMPTYPE>E</COMPTYPE>
    </DD03P>
    <DD03P>
     <TABNAME>ZSICOACH_TP_SB_DR</TABNAME>
     <FIELDNAME>LCHG_UNAME</FIELDNAME>
     <POSITION>0009</POSITION>
     <ROLLNAME>UNAME</ROLLNAME>
     <ADMINFIELD>0</ADMINFIELD>
     <COMPTYPE>E</COMPTYPE>
    </DD03P>
    <DD03P>
     <TABNAME>ZSICOACH_TP_SB_DR</TABNAME>
     <FIELDNAME>ACTIVEUUID</FIELDNAME>
     <POSITION>0010</POSITION>
     <ROLLNAME>/BOBF/UUID</ROLLNAME>
     <ADMINFIELD>0</ADMINFIELD>
     <COMPTYPE>E</COMPTYPE>
    </DD03P>
    <DD03P>
     <TABNAME>ZSICOACH_TP_SB_DR</TABNAME>
     <FIELDNAME>HASACTIVEENTITY</FIELDNAME>
     <POSITION>0011</POSITION>
     <ROLLNAME>SDRAFT_HAS_ACTIVE</ROLLNAME>
     <ADMINFIELD>0</ADMINFIELD>
     <VALEXI>X</VALEXI>
     <SHLPORIGIN>F</SHLPORIGIN>
     <COMPTYPE>E</COMPTYPE>
    </DD03P>
    <DD03P>
     <TABNAME>ZSICOACH_TP_SB_DR</TABNAME>
     <FIELDNAME>.INCLUDE</FIELDNAME>
     <DDLANGUAGE>E</DDLANGUAGE>
     <POSITION>0012</POSITION>
     <ADMINFIELD>0</ADMINFIELD>
     <PRECFIELD>SDRAFT_WRITE_DRAFT_ADMIN</PRECFIELD>
     <MASK>      S</MASK>
     <DDTEXT>Draft - Administrative Data in Draft Persistence</DDTEXT>
     <COMPTYPE>S</COMPTYPE>
    </DD03P>
    <DD03P>
     <TABNAME>ZSICOACH_TP_SB_DR</TABNAME>
     <FIELDNAME>ISACTIVEENTITY</FIELDNAME>
     <POSITION>0018</POSITION>
     <ROLLNAME>SDRAFT_IS_ACTIVE</ROLLNAME>
     <ADMINFIELD>0</ADMINFIELD>
     <VALEXI>X</VALEXI>
     <SHLPORIGIN>F</SHLPORIGIN>
     <COMPTYPE>E</COMPTYPE>
    </DD03P>
   </DD03P_TABLE>
  </asx:values>
 </asx:abap>
</abapGit>
