﻿<?xml version="1.0" encoding="utf-8"?>
<abapGit version="v1.0.0" serializer="LCL_OBJECT_IWPR" serializer_version="v1.0.0">
 <asx:abap xmlns:asx="http://www.sap.com/abapxml" version="1.0">
  <asx:values>
   <_-IWBEP_-I_SBD_AT>
    <_-IWBEP_-I_SBD_AT>
     <PROJECT>ZHOSPITALS</PROJECT>
     <NODE_UUID>AFBWiRncHtuPvRVf6CrQ2Q==</NODE_UUID>
     <NODE_UUID_PA>AFBWiRncHtuPvQskaVSw1Q==</NODE_UUID_PA>
     <PLUGIN_PA>/IWBEP/CORE</PLUGIN_PA>
     <NODE_TYPE_PA>PROJ</NODE_TYPE_PA>
     <NAME>GENERATED_METHODS_RDS</NAME>
     <TYPE>V2_RDS</TYPE>
     <MIME_TYPE>XML</MIME_TYPE>
     <VALUE>PD94bWwgdmVyc2lvbj0iMS4wIiBlbmNvZGluZz0idXRmLTgiPz48YXN4OmFiYXAgdmVyc2lvbj0i
MS4wIiB4bWxuczphc3g9Imh0dHA6Ly93d3cuc2FwLmNvbS9hYmFweG1sIj48YXN4OnZhbHVlcz48
R0VOLz48L2FzeDp2YWx1ZXM+PC9hc3g6YWJhcD4=</VALUE>
    </_-IWBEP_-I_SBD_AT>
   </_-IWBEP_-I_SBD_AT>
   <_-IWBEP_-I_SBD_DS>
    <_-IWBEP_-I_SBD_DS>
     <PROJECT>ZHOSPITALS</PROJECT>
     <NODE_UUID>AFBWiRncHtuPvRHyydzQ1g==</NODE_UUID>
     <PARENT_UUID>AFBWiRncHtuPvQskaVTw1Q==</PARENT_UUID>
     <NAME>ZHOSPITALS</NAME>
     <DS_TYPE>5</DS_TYPE>
    </_-IWBEP_-I_SBD_DS>
    <_-IWBEP_-I_SBD_DS>
     <PROJECT>ZHOSPITALS</PROJECT>
     <NODE_UUID>AFBWiRncHtuPvRi1JV3w2w==</NODE_UUID>
     <PARENT_UUID>AFBWiRncHtuPvQskaVTw1Q==</PARENT_UUID>
     <NAME>ZPATIENTS</NAME>
     <DS_TYPE>5</DS_TYPE>
    </_-IWBEP_-I_SBD_DS>
    <_-IWBEP_-I_SBD_DS>
     <PROJECT>ZHOSPITALS</PROJECT>
     <NODE_UUID>AFBWiRncHtuPvR87UY5Q3w==</NODE_UUID>
     <PARENT_UUID>AFBWiRncHtuPvQskaVTw1Q==</PARENT_UUID>
     <NAME>ZDISEASES</NAME>
     <DS_TYPE>5</DS_TYPE>
    </_-IWBEP_-I_SBD_DS>
   </_-IWBEP_-I_SBD_DS>
   <_-IWBEP_-I_SBD_DST>
    <_-IWBEP_-I_SBD_DST>
     <SYLANGU>E</SYLANGU>
     <PROJECT>ZHOSPITALS</PROJECT>
     <NODE_UUID>AFBWiRncHtuPvRHyydzQ1g==</NODE_UUID>
    </_-IWBEP_-I_SBD_DST>
    <_-IWBEP_-I_SBD_DST>
     <SYLANGU>E</SYLANGU>
     <PROJECT>ZHOSPITALS</PROJECT>
     <NODE_UUID>AFBWiRncHtuPvRi1JV3w2w==</NODE_UUID>
    </_-IWBEP_-I_SBD_DST>
    <_-IWBEP_-I_SBD_DST>
     <SYLANGU>E</SYLANGU>
     <PROJECT>ZHOSPITALS</PROJECT>
     <NODE_UUID>AFBWiRncHtuPvR87UY5Q3w==</NODE_UUID>
    </_-IWBEP_-I_SBD_DST>
   </_-IWBEP_-I_SBD_DST>
   <_-IWBEP_-I_SBD_GA>
    <_-IWBEP_-I_SBD_GA>
     <PROJECT>ZHOSPITALS</PROJECT>
     <NODE_UUID>AFBWiRncHtuPvRVf6Crw2Q==</NODE_UUID>
     <CREATION_USER_ID>SBAKALAOV</CREATION_USER_ID>
     <CREATION_TIME>20201214084502.595686</CREATION_TIME>
     <LAST_CHG_USER_ID>SBAKALAOV</LAST_CHG_USER_ID>
     <LAST_CHG_TIME>20201214085754.006334</LAST_CHG_TIME>
     <NAME>ZCL_ZHOSPITALS_MPC</NAME>
     <PGMID>R3TR</PGMID>
     <TROBJ_TYPE>CLAS</TROBJ_TYPE>
     <TROBJ_NAME>ZCL_ZHOSPITALS_MPC</TROBJ_NAME>
     <GEN_ART_TYPE>MPCB</GEN_ART_TYPE>
    </_-IWBEP_-I_SBD_GA>
    <_-IWBEP_-I_SBD_GA>
     <PROJECT>ZHOSPITALS</PROJECT>
     <NODE_UUID>AFBWiRncHtuPvRVf6CsQ2Q==</NODE_UUID>
     <CREATION_USER_ID>SBAKALAOV</CREATION_USER_ID>
     <CREATION_TIME>20201214084502.595698</CREATION_TIME>
     <LAST_CHG_USER_ID>SBAKALAOV</LAST_CHG_USER_ID>
     <LAST_CHG_TIME>20201214085754.006344</LAST_CHG_TIME>
     <NAME>ZCL_ZHOSPITALS_MPC_EXT</NAME>
     <PGMID>R3TR</PGMID>
     <TROBJ_TYPE>CLAS</TROBJ_TYPE>
     <TROBJ_NAME>ZCL_ZHOSPITALS_MPC_EXT</TROBJ_NAME>
     <GEN_ART_TYPE>MPCS</GEN_ART_TYPE>
    </_-IWBEP_-I_SBD_GA>
    <_-IWBEP_-I_SBD_GA>
     <PROJECT>ZHOSPITALS</PROJECT>
     <NODE_UUID>AFBWiRncHtuPvRVf6Csw2Q==</NODE_UUID>
     <CREATION_USER_ID>SBAKALAOV</CREATION_USER_ID>
     <CREATION_TIME>20201214084505.397974</CREATION_TIME>
     <NAME>ZCL_ZHOSPITALS_DPC</NAME>
     <PGMID>R3TR</PGMID>
     <TROBJ_TYPE>CLAS</TROBJ_TYPE>
     <TROBJ_NAME>ZCL_ZHOSPITALS_DPC</TROBJ_NAME>
     <GEN_ART_TYPE>DPCB</GEN_ART_TYPE>
    </_-IWBEP_-I_SBD_GA>
    <_-IWBEP_-I_SBD_GA>
     <PROJECT>ZHOSPITALS</PROJECT>
     <NODE_UUID>AFBWiRncHtuPvRVf6CtQ2Q==</NODE_UUID>
     <CREATION_USER_ID>SBAKALAOV</CREATION_USER_ID>
     <CREATION_TIME>20201214084506.870468</CREATION_TIME>
     <NAME>ZCL_ZHOSPITALS_DPC_EXT</NAME>
     <PGMID>R3TR</PGMID>
     <TROBJ_TYPE>CLAS</TROBJ_TYPE>
     <TROBJ_NAME>ZCL_ZHOSPITALS_DPC_EXT</TROBJ_NAME>
     <GEN_ART_TYPE>DPCS</GEN_ART_TYPE>
    </_-IWBEP_-I_SBD_GA>
    <_-IWBEP_-I_SBD_GA>
     <PROJECT>ZHOSPITALS</PROJECT>
     <NODE_UUID>AFBWiRncHtuPvRVf6Ctw2Q==</NODE_UUID>
     <CREATION_USER_ID>SBAKALAOV</CREATION_USER_ID>
     <CREATION_TIME>20201214084508.382035</CREATION_TIME>
     <NAME>ZHOSPITALS_MDL</NAME>
     <PGMID>R3TR</PGMID>
     <TROBJ_TYPE>IWMO</TROBJ_TYPE>
     <TROBJ_NAME>ZHOSPITALS_MDL</TROBJ_NAME>
     <GEN_ART_TYPE>MDL</GEN_ART_TYPE>
    </_-IWBEP_-I_SBD_GA>
    <_-IWBEP_-I_SBD_GA>
     <PROJECT>ZHOSPITALS</PROJECT>
     <NODE_UUID>AFBWiRncHtuPvRVf6CuQ2Q==</NODE_UUID>
     <CREATION_USER_ID>SBAKALAOV</CREATION_USER_ID>
     <CREATION_TIME>20201214084508.382042</CREATION_TIME>
     <NAME>ZHOSPITALS_SRV</NAME>
     <PGMID>R3TR</PGMID>
     <TROBJ_TYPE>IWSV</TROBJ_TYPE>
     <TROBJ_NAME>ZHOSPITALS_SRV</TROBJ_NAME>
     <GEN_ART_TYPE>SRV</GEN_ART_TYPE>
    </_-IWBEP_-I_SBD_GA>
   </_-IWBEP_-I_SBD_GA>
   <_-IWBEP_-I_SBD_GAT>
    <_-IWBEP_-I_SBD_GAT>
     <SYLANGU>E</SYLANGU>
     <PROJECT>ZHOSPITALS</PROJECT>
     <NODE_UUID>AFBWiRncHtuPvRVf6Crw2Q==</NODE_UUID>
    </_-IWBEP_-I_SBD_GAT>
    <_-IWBEP_-I_SBD_GAT>
     <SYLANGU>E</SYLANGU>
     <PROJECT>ZHOSPITALS</PROJECT>
     <NODE_UUID>AFBWiRncHtuPvRVf6CsQ2Q==</NODE_UUID>
    </_-IWBEP_-I_SBD_GAT>
    <_-IWBEP_-I_SBD_GAT>
     <SYLANGU>E</SYLANGU>
     <PROJECT>ZHOSPITALS</PROJECT>
     <NODE_UUID>AFBWiRncHtuPvRVf6Csw2Q==</NODE_UUID>
    </_-IWBEP_-I_SBD_GAT>
    <_-IWBEP_-I_SBD_GAT>
     <SYLANGU>E</SYLANGU>
     <PROJECT>ZHOSPITALS</PROJECT>
     <NODE_UUID>AFBWiRncHtuPvRVf6CtQ2Q==</NODE_UUID>
    </_-IWBEP_-I_SBD_GAT>
    <_-IWBEP_-I_SBD_GAT>
     <SYLANGU>E</SYLANGU>
     <PROJECT>ZHOSPITALS</PROJECT>
     <NODE_UUID>AFBWiRncHtuPvRVf6Ctw2Q==</NODE_UUID>
    </_-IWBEP_-I_SBD_GAT>
    <_-IWBEP_-I_SBD_GAT>
     <SYLANGU>E</SYLANGU>
     <PROJECT>ZHOSPITALS</PROJECT>
     <NODE_UUID>AFBWiRncHtuPvRVf6CuQ2Q==</NODE_UUID>
    </_-IWBEP_-I_SBD_GAT>
   </_-IWBEP_-I_SBD_GAT>
   <_-IWBEP_-I_SBD_MD>
    <_-IWBEP_-I_SBD_MD>
     <PROJECT>ZHOSPITALS</PROJECT>
     <NODE_UUID>AFBWiRncHtuPvQskaVTQ1Q==</NODE_UUID>
     <NODE_UUID_PA>AFBWiRncHtuPvQskaVSw1Q==</NODE_UUID_PA>
     <PLUGIN_PA>/IWBEP/CORE</PLUGIN_PA>
     <NODE_TYPE_PA>PROJ</NODE_TYPE_PA>
     <TECHNICAL_NAME>ZHOSPITALS_MDL</TECHNICAL_NAME>
     <VERSION>0001</VERSION>
     <MPC>ZCL_ZHOSPITALS_MPC_EXT</MPC>
     <STATE_NS>S</STATE_NS>
     <VALUE_NS>ZHOSPITALS_SRV</VALUE_NS>
    </_-IWBEP_-I_SBD_MD>
   </_-IWBEP_-I_SBD_MD>
   <_-IWBEP_-I_SBD_MDT>
    <_-IWBEP_-I_SBD_MDT>
     <SYLANGU>E</SYLANGU>
     <PROJECT>ZHOSPITALS</PROJECT>
     <NODE_UUID>AFBWiRncHtuPvQskaVTQ1Q==</NODE_UUID>
    </_-IWBEP_-I_SBD_MDT>
   </_-IWBEP_-I_SBD_MDT>
   <_-IWBEP_-I_SBD_NOI>
    <_-IWBEP_-I_SBD_NOI>
     <PROJECT>ZHOSPITALS</PROJECT>
     <NODE_UUID>AFBWiRncHtuPvQskaVSw1Q==</NODE_UUID>
    </_-IWBEP_-I_SBD_NOI>
    <_-IWBEP_-I_SBD_NOI>
     <PROJECT>ZHOSPITALS</PROJECT>
     <NODE_UUID>AFBWiRncHtuPvQskaVTQ1Q==</NODE_UUID>
    </_-IWBEP_-I_SBD_NOI>
    <_-IWBEP_-I_SBD_NOI>
     <PROJECT>ZHOSPITALS</PROJECT>
     <NODE_UUID>AFBWiRncHtuPvQskaVTw1Q==</NODE_UUID>
    </_-IWBEP_-I_SBD_NOI>
    <_-IWBEP_-I_SBD_NOI>
     <PROJECT>ZHOSPITALS</PROJECT>
     <NODE_UUID>AFBWiRncHtuPvRHyydzQ1g==</NODE_UUID>
    </_-IWBEP_-I_SBD_NOI>
    <_-IWBEP_-I_SBD_NOI>
     <PROJECT>ZHOSPITALS</PROJECT>
     <NODE_UUID>AFBWiRncHtuPvRKcIakQ1g==</NODE_UUID>
     <TYPE>DASO</TYPE>
     <NAME>0050568919DC1EDB8FBD11F2C9DCD0D6ZHOSPITALS</NAME>
    </_-IWBEP_-I_SBD_NOI>
    <_-IWBEP_-I_SBD_NOI>
     <PROJECT>ZHOSPITALS</PROJECT>
     <NODE_UUID>AFBWiRncHtuPvRKcIakw1g==</NODE_UUID>
     <TYPE>DASO</TYPE>
     <NAME>0050568919DC1EDB8FBD11F2C9DCD0D6ZHOSPITALS\NAME</NAME>
    </_-IWBEP_-I_SBD_NOI>
    <_-IWBEP_-I_SBD_NOI>
     <PROJECT>ZHOSPITALS</PROJECT>
     <NODE_UUID>AFBWiRncHtuPvRKcIalQ1g==</NODE_UUID>
     <TYPE>DASO</TYPE>
     <NAME>0050568919DC1EDB8FBD11F2C9DCD0D6ZHOSPITALS\CITY</NAME>
    </_-IWBEP_-I_SBD_NOI>
    <_-IWBEP_-I_SBD_NOI>
     <PROJECT>ZHOSPITALS</PROJECT>
     <NODE_UUID>AFBWiRncHtuPvRKcIalw1g==</NODE_UUID>
     <TYPE>DASO</TYPE>
     <NAME>0050568919DC1EDB8FBD11F2C9DCD0D6ZHOSPITALS\SPECIALITY</NAME>
    </_-IWBEP_-I_SBD_NOI>
    <_-IWBEP_-I_SBD_NOI>
     <PROJECT>ZHOSPITALS</PROJECT>
     <NODE_UUID>AFBWiRncHtuPvRKcIamQ1g==</NODE_UUID>
     <TYPE>DASO</TYPE>
     <NAME>0050568919DC1EDB8FBD11F2C9DCD0D6ZHOSPITALS\CAPACITY</NAME>
    </_-IWBEP_-I_SBD_NOI>
    <_-IWBEP_-I_SBD_NOI>
     <PROJECT>ZHOSPITALS</PROJECT>
     <NODE_UUID>AFBWiRncHtuPvRKcIamw1g==</NODE_UUID>
    </_-IWBEP_-I_SBD_NOI>
    <_-IWBEP_-I_SBD_NOI>
     <PROJECT>ZHOSPITALS</PROJECT>
     <NODE_UUID>AFBWiRncHtuPvRKcIanQ1g==</NODE_UUID>
    </_-IWBEP_-I_SBD_NOI>
    <_-IWBEP_-I_SBD_NOI>
     <PROJECT>ZHOSPITALS</PROJECT>
     <NODE_UUID>AFBWiRncHtuPvRKcIanw1g==</NODE_UUID>
    </_-IWBEP_-I_SBD_NOI>
    <_-IWBEP_-I_SBD_NOI>
     <PROJECT>ZHOSPITALS</PROJECT>
     <NODE_UUID>AFBWiRncHtuPvRKcIaoQ1g==</NODE_UUID>
    </_-IWBEP_-I_SBD_NOI>
    <_-IWBEP_-I_SBD_NOI>
     <PROJECT>ZHOSPITALS</PROJECT>
     <NODE_UUID>AFBWiRncHtuPvRKcIaow1g==</NODE_UUID>
    </_-IWBEP_-I_SBD_NOI>
    <_-IWBEP_-I_SBD_NOI>
     <PROJECT>ZHOSPITALS</PROJECT>
     <NODE_UUID>AFBWiRncHtuPvRKcIapQ1g==</NODE_UUID>
    </_-IWBEP_-I_SBD_NOI>
    <_-IWBEP_-I_SBD_NOI>
     <PROJECT>ZHOSPITALS</PROJECT>
     <NODE_UUID>AFBWiRncHtuPvRKcIapw1g==</NODE_UUID>
    </_-IWBEP_-I_SBD_NOI>
    <_-IWBEP_-I_SBD_NOI>
     <PROJECT>ZHOSPITALS</PROJECT>
     <NODE_UUID>AFBWiRncHtuPvRVf6CrQ2Q==</NODE_UUID>
    </_-IWBEP_-I_SBD_NOI>
    <_-IWBEP_-I_SBD_NOI>
     <PROJECT>ZHOSPITALS</PROJECT>
     <NODE_UUID>AFBWiRncHtuPvRVf6Crw2Q==</NODE_UUID>
    </_-IWBEP_-I_SBD_NOI>
    <_-IWBEP_-I_SBD_NOI>
     <PROJECT>ZHOSPITALS</PROJECT>
     <NODE_UUID>AFBWiRncHtuPvRVf6CsQ2Q==</NODE_UUID>
    </_-IWBEP_-I_SBD_NOI>
    <_-IWBEP_-I_SBD_NOI>
     <PROJECT>ZHOSPITALS</PROJECT>
     <NODE_UUID>AFBWiRncHtuPvRVf6Csw2Q==</NODE_UUID>
    </_-IWBEP_-I_SBD_NOI>
    <_-IWBEP_-I_SBD_NOI>
     <PROJECT>ZHOSPITALS</PROJECT>
     <NODE_UUID>AFBWiRncHtuPvRVf6CtQ2Q==</NODE_UUID>
    </_-IWBEP_-I_SBD_NOI>
    <_-IWBEP_-I_SBD_NOI>
     <PROJECT>ZHOSPITALS</PROJECT>
     <NODE_UUID>AFBWiRncHtuPvRVf6Ctw2Q==</NODE_UUID>
    </_-IWBEP_-I_SBD_NOI>
    <_-IWBEP_-I_SBD_NOI>
     <PROJECT>ZHOSPITALS</PROJECT>
     <NODE_UUID>AFBWiRncHtuPvRVf6CuQ2Q==</NODE_UUID>
    </_-IWBEP_-I_SBD_NOI>
    <_-IWBEP_-I_SBD_NOI>
     <PROJECT>ZHOSPITALS</PROJECT>
     <NODE_UUID>AFBWiRncHtuPvRi1JV3w2w==</NODE_UUID>
    </_-IWBEP_-I_SBD_NOI>
    <_-IWBEP_-I_SBD_NOI>
     <PROJECT>ZHOSPITALS</PROJECT>
     <NODE_UUID>AFBWiRncHtuPvRlwkHaQ2w==</NODE_UUID>
     <TYPE>DASO</TYPE>
     <NAME>0050568919DC1EDB8FBD18B5255DF0DBZPATIENTS</NAME>
    </_-IWBEP_-I_SBD_NOI>
    <_-IWBEP_-I_SBD_NOI>
     <PROJECT>ZHOSPITALS</PROJECT>
     <NODE_UUID>AFBWiRncHtuPvRlwkHaw2w==</NODE_UUID>
     <TYPE>DASO</TYPE>
     <NAME>0050568919DC1EDB8FBD18B5255DF0DBZPATIENTS\NAME</NAME>
    </_-IWBEP_-I_SBD_NOI>
    <_-IWBEP_-I_SBD_NOI>
     <PROJECT>ZHOSPITALS</PROJECT>
     <NODE_UUID>AFBWiRncHtuPvRlwkHbQ2w==</NODE_UUID>
     <TYPE>DASO</TYPE>
     <NAME>0050568919DC1EDB8FBD18B5255DF0DBZPATIENTS\HOSPITALNAME</NAME>
    </_-IWBEP_-I_SBD_NOI>
    <_-IWBEP_-I_SBD_NOI>
     <PROJECT>ZHOSPITALS</PROJECT>
     <NODE_UUID>AFBWiRncHtuPvRlwkHbw2w==</NODE_UUID>
     <TYPE>DASO</TYPE>
     <NAME>0050568919DC1EDB8FBD18B5255DF0DBZPATIENTS\AGE</NAME>
    </_-IWBEP_-I_SBD_NOI>
    <_-IWBEP_-I_SBD_NOI>
     <PROJECT>ZHOSPITALS</PROJECT>
     <NODE_UUID>AFBWiRncHtuPvRlwkHcQ2w==</NODE_UUID>
     <TYPE>DASO</TYPE>
     <NAME>0050568919DC1EDB8FBD18B5255DF0DBZPATIENTS\SEX</NAME>
    </_-IWBEP_-I_SBD_NOI>
    <_-IWBEP_-I_SBD_NOI>
     <PROJECT>ZHOSPITALS</PROJECT>
     <NODE_UUID>AFBWiRncHtuPvRlwkHcw2w==</NODE_UUID>
     <TYPE>DASO</TYPE>
     <NAME>0050568919DC1EDB8FBD18B5255DF0DBZPATIENTS\DISEASE</NAME>
    </_-IWBEP_-I_SBD_NOI>
    <_-IWBEP_-I_SBD_NOI>
     <PROJECT>ZHOSPITALS</PROJECT>
     <NODE_UUID>AFBWiRncHtuPvRlwkHdQ2w==</NODE_UUID>
    </_-IWBEP_-I_SBD_NOI>
    <_-IWBEP_-I_SBD_NOI>
     <PROJECT>ZHOSPITALS</PROJECT>
     <NODE_UUID>AFBWiRncHtuPvRlwkHdw2w==</NODE_UUID>
    </_-IWBEP_-I_SBD_NOI>
    <_-IWBEP_-I_SBD_NOI>
     <PROJECT>ZHOSPITALS</PROJECT>
     <NODE_UUID>AFBWiRncHtuPvRlwkHeQ2w==</NODE_UUID>
    </_-IWBEP_-I_SBD_NOI>
    <_-IWBEP_-I_SBD_NOI>
     <PROJECT>ZHOSPITALS</PROJECT>
     <NODE_UUID>AFBWiRncHtuPvRlwkHew2w==</NODE_UUID>
    </_-IWBEP_-I_SBD_NOI>
    <_-IWBEP_-I_SBD_NOI>
     <PROJECT>ZHOSPITALS</PROJECT>
     <NODE_UUID>AFBWiRncHtuPvRlwkHfQ2w==</NODE_UUID>
    </_-IWBEP_-I_SBD_NOI>
    <_-IWBEP_-I_SBD_NOI>
     <PROJECT>ZHOSPITALS</PROJECT>
     <NODE_UUID>AFBWiRncHtuPvRlwkHfw2w==</NODE_UUID>
    </_-IWBEP_-I_SBD_NOI>
    <_-IWBEP_-I_SBD_NOI>
     <PROJECT>ZHOSPITALS</PROJECT>
     <NODE_UUID>AFBWiRncHtuPvRlwkHgQ2w==</NODE_UUID>
    </_-IWBEP_-I_SBD_NOI>
    <_-IWBEP_-I_SBD_NOI>
     <PROJECT>ZHOSPITALS</PROJECT>
     <NODE_UUID>AFBWiRncHtuPvR87UY5Q3w==</NODE_UUID>
    </_-IWBEP_-I_SBD_NOI>
    <_-IWBEP_-I_SBD_NOI>
     <PROJECT>ZHOSPITALS</PROJECT>
     <NODE_UUID>AFBWiRncHtuPvR/Bz15w9g==</NODE_UUID>
     <TYPE>DASO</TYPE>
     <NAME>0050568919DC1EDB8FBD1F3B518E50DFZDISEASES</NAME>
    </_-IWBEP_-I_SBD_NOI>
    <_-IWBEP_-I_SBD_NOI>
     <PROJECT>ZHOSPITALS</PROJECT>
     <NODE_UUID>AFBWiRncHtuPvR/Bz16Q9g==</NODE_UUID>
     <TYPE>DASO</TYPE>
     <NAME>0050568919DC1EDB8FBD1F3B518E50DFZDISEASES\NAME</NAME>
    </_-IWBEP_-I_SBD_NOI>
    <_-IWBEP_-I_SBD_NOI>
     <PROJECT>ZHOSPITALS</PROJECT>
     <NODE_UUID>AFBWiRncHtuPvR/Bz16w9g==</NODE_UUID>
     <TYPE>DASO</TYPE>
     <NAME>0050568919DC1EDB8FBD1F3B518E50DFZDISEASES\PATIENT</NAME>
    </_-IWBEP_-I_SBD_NOI>
    <_-IWBEP_-I_SBD_NOI>
     <PROJECT>ZHOSPITALS</PROJECT>
     <NODE_UUID>AFBWiRncHtuPvR/Bz17Q9g==</NODE_UUID>
     <TYPE>DASO</TYPE>
     <NAME>0050568919DC1EDB8FBD1F3B518E50DFZDISEASES\DATEFOUND</NAME>
    </_-IWBEP_-I_SBD_NOI>
    <_-IWBEP_-I_SBD_NOI>
     <PROJECT>ZHOSPITALS</PROJECT>
     <NODE_UUID>AFBWiRncHtuPvR/Bz17w9g==</NODE_UUID>
    </_-IWBEP_-I_SBD_NOI>
    <_-IWBEP_-I_SBD_NOI>
     <PROJECT>ZHOSPITALS</PROJECT>
     <NODE_UUID>AFBWiRncHtuPvR/Bz18Q9g==</NODE_UUID>
    </_-IWBEP_-I_SBD_NOI>
    <_-IWBEP_-I_SBD_NOI>
     <PROJECT>ZHOSPITALS</PROJECT>
     <NODE_UUID>AFBWiRncHtuPvR/Bz18w9g==</NODE_UUID>
    </_-IWBEP_-I_SBD_NOI>
    <_-IWBEP_-I_SBD_NOI>
     <PROJECT>ZHOSPITALS</PROJECT>
     <NODE_UUID>AFBWiRncHtuPvR/Bz19Q9g==</NODE_UUID>
    </_-IWBEP_-I_SBD_NOI>
    <_-IWBEP_-I_SBD_NOI>
     <PROJECT>ZHOSPITALS</PROJECT>
     <NODE_UUID>AFBWiRncHtuPvR/Bz19w9g==</NODE_UUID>
    </_-IWBEP_-I_SBD_NOI>
    <_-IWBEP_-I_SBD_NOI>
     <PROJECT>ZHOSPITALS</PROJECT>
     <NODE_UUID>AFBWiRncHtuPvR/Bz1+Q9g==</NODE_UUID>
    </_-IWBEP_-I_SBD_NOI>
    <_-IWBEP_-I_SBD_NOI>
     <PROJECT>ZHOSPITALS</PROJECT>
     <NODE_UUID>AFBWiRncHtuPvR/Bz1+w9g==</NODE_UUID>
    </_-IWBEP_-I_SBD_NOI>
    <_-IWBEP_-I_SBD_NOI>
     <PROJECT>ZHOSPITALS</PROJECT>
     <NODE_UUID>AFBWiRncHtuPvSngveYQ+g==</NODE_UUID>
    </_-IWBEP_-I_SBD_NOI>
    <_-IWBEP_-I_SBD_NOI>
     <PROJECT>ZHOSPITALS</PROJECT>
     <NODE_UUID>AFBWiRncHtuPvS/+g0gR</NODE_UUID>
    </_-IWBEP_-I_SBD_NOI>
    <_-IWBEP_-I_SBD_NOI>
     <PROJECT>ZHOSPITALS</PROJECT>
     <NODE_UUID>AFBWiRncHtuPvTzU+5WxJQ==</NODE_UUID>
    </_-IWBEP_-I_SBD_NOI>
    <_-IWBEP_-I_SBD_NOI>
     <PROJECT>ZHOSPITALS</PROJECT>
     <NODE_UUID>AFBWiRncHtuPvUydo14xRQ==</NODE_UUID>
    </_-IWBEP_-I_SBD_NOI>
   </_-IWBEP_-I_SBD_NOI>
   <_-IWBEP_-I_SBD_OP>
    <_-IWBEP_-I_SBD_OP>
     <PROJECT>ZHOSPITALS</PROJECT>
     <NODE_UUID>AFBWiRncHtuPvRKcIanw1g==</NODE_UUID>
     <PARENT_UUID>AFBWiRncHtuPvRKcIanQ1g==</PARENT_UUID>
     <NAME>Create</NAME>
     <OPERATION_TYPE>C</OPERATION_TYPE>
     <IMP_METHOD>HOSPITALSSET_CREATE_ENTITY</IMP_METHOD>
    </_-IWBEP_-I_SBD_OP>
    <_-IWBEP_-I_SBD_OP>
     <PROJECT>ZHOSPITALS</PROJECT>
     <NODE_UUID>AFBWiRncHtuPvRKcIaoQ1g==</NODE_UUID>
     <PARENT_UUID>AFBWiRncHtuPvRKcIanQ1g==</PARENT_UUID>
     <NAME>GetEntity (Read)</NAME>
     <OPERATION_TYPE>R</OPERATION_TYPE>
     <IMP_METHOD>HOSPITALSSET_GET_ENTITY</IMP_METHOD>
    </_-IWBEP_-I_SBD_OP>
    <_-IWBEP_-I_SBD_OP>
     <PROJECT>ZHOSPITALS</PROJECT>
     <NODE_UUID>AFBWiRncHtuPvRKcIaow1g==</NODE_UUID>
     <PARENT_UUID>AFBWiRncHtuPvRKcIanQ1g==</PARENT_UUID>
     <NAME>Update</NAME>
     <OPERATION_TYPE>U</OPERATION_TYPE>
     <IMP_METHOD>HOSPITALSSET_UPDATE_ENTITY</IMP_METHOD>
    </_-IWBEP_-I_SBD_OP>
    <_-IWBEP_-I_SBD_OP>
     <PROJECT>ZHOSPITALS</PROJECT>
     <NODE_UUID>AFBWiRncHtuPvRKcIapQ1g==</NODE_UUID>
     <PARENT_UUID>AFBWiRncHtuPvRKcIanQ1g==</PARENT_UUID>
     <NAME>Delete</NAME>
     <OPERATION_TYPE>D</OPERATION_TYPE>
     <IMP_METHOD>HOSPITALSSET_DELETE_ENTITY</IMP_METHOD>
    </_-IWBEP_-I_SBD_OP>
    <_-IWBEP_-I_SBD_OP>
     <PROJECT>ZHOSPITALS</PROJECT>
     <NODE_UUID>AFBWiRncHtuPvRKcIapw1g==</NODE_UUID>
     <PARENT_UUID>AFBWiRncHtuPvRKcIanQ1g==</PARENT_UUID>
     <NAME>GetEntitySet (Query)</NAME>
     <OPERATION_TYPE>Q</OPERATION_TYPE>
     <IMP_METHOD>HOSPITALSSET_GET_ENTITYSET</IMP_METHOD>
    </_-IWBEP_-I_SBD_OP>
    <_-IWBEP_-I_SBD_OP>
     <PROJECT>ZHOSPITALS</PROJECT>
     <NODE_UUID>AFBWiRncHtuPvRlwkHeQ2w==</NODE_UUID>
     <PARENT_UUID>AFBWiRncHtuPvRlwkHdw2w==</PARENT_UUID>
     <NAME>Create</NAME>
     <OPERATION_TYPE>C</OPERATION_TYPE>
     <IMP_METHOD>PATIENTSSET_CREATE_ENTITY</IMP_METHOD>
    </_-IWBEP_-I_SBD_OP>
    <_-IWBEP_-I_SBD_OP>
     <PROJECT>ZHOSPITALS</PROJECT>
     <NODE_UUID>AFBWiRncHtuPvRlwkHew2w==</NODE_UUID>
     <PARENT_UUID>AFBWiRncHtuPvRlwkHdw2w==</PARENT_UUID>
     <NAME>GetEntity (Read)</NAME>
     <OPERATION_TYPE>R</OPERATION_TYPE>
     <IMP_METHOD>PATIENTSSET_GET_ENTITY</IMP_METHOD>
    </_-IWBEP_-I_SBD_OP>
    <_-IWBEP_-I_SBD_OP>
     <PROJECT>ZHOSPITALS</PROJECT>
     <NODE_UUID>AFBWiRncHtuPvRlwkHfQ2w==</NODE_UUID>
     <PARENT_UUID>AFBWiRncHtuPvRlwkHdw2w==</PARENT_UUID>
     <NAME>Update</NAME>
     <OPERATION_TYPE>U</OPERATION_TYPE>
     <IMP_METHOD>PATIENTSSET_UPDATE_ENTITY</IMP_METHOD>
    </_-IWBEP_-I_SBD_OP>
    <_-IWBEP_-I_SBD_OP>
     <PROJECT>ZHOSPITALS</PROJECT>
     <NODE_UUID>AFBWiRncHtuPvRlwkHfw2w==</NODE_UUID>
     <PARENT_UUID>AFBWiRncHtuPvRlwkHdw2w==</PARENT_UUID>
     <NAME>Delete</NAME>
     <OPERATION_TYPE>D</OPERATION_TYPE>
     <IMP_METHOD>PATIENTSSET_DELETE_ENTITY</IMP_METHOD>
    </_-IWBEP_-I_SBD_OP>
    <_-IWBEP_-I_SBD_OP>
     <PROJECT>ZHOSPITALS</PROJECT>
     <NODE_UUID>AFBWiRncHtuPvRlwkHgQ2w==</NODE_UUID>
     <PARENT_UUID>AFBWiRncHtuPvRlwkHdw2w==</PARENT_UUID>
     <NAME>GetEntitySet (Query)</NAME>
     <OPERATION_TYPE>Q</OPERATION_TYPE>
     <IMP_METHOD>PATIENTSSET_GET_ENTITYSET</IMP_METHOD>
    </_-IWBEP_-I_SBD_OP>
    <_-IWBEP_-I_SBD_OP>
     <PROJECT>ZHOSPITALS</PROJECT>
     <NODE_UUID>AFBWiRncHtuPvR/Bz18w9g==</NODE_UUID>
     <PARENT_UUID>AFBWiRncHtuPvR/Bz18Q9g==</PARENT_UUID>
     <NAME>Create</NAME>
     <OPERATION_TYPE>C</OPERATION_TYPE>
     <IMP_METHOD>DISEASESSET_CREATE_ENTITY</IMP_METHOD>
    </_-IWBEP_-I_SBD_OP>
    <_-IWBEP_-I_SBD_OP>
     <PROJECT>ZHOSPITALS</PROJECT>
     <NODE_UUID>AFBWiRncHtuPvR/Bz19Q9g==</NODE_UUID>
     <PARENT_UUID>AFBWiRncHtuPvR/Bz18Q9g==</PARENT_UUID>
     <NAME>GetEntity (Read)</NAME>
     <OPERATION_TYPE>R</OPERATION_TYPE>
     <IMP_METHOD>DISEASESSET_GET_ENTITY</IMP_METHOD>
    </_-IWBEP_-I_SBD_OP>
    <_-IWBEP_-I_SBD_OP>
     <PROJECT>ZHOSPITALS</PROJECT>
     <NODE_UUID>AFBWiRncHtuPvR/Bz19w9g==</NODE_UUID>
     <PARENT_UUID>AFBWiRncHtuPvR/Bz18Q9g==</PARENT_UUID>
     <NAME>Update</NAME>
     <OPERATION_TYPE>U</OPERATION_TYPE>
     <IMP_METHOD>DISEASESSET_UPDATE_ENTITY</IMP_METHOD>
    </_-IWBEP_-I_SBD_OP>
    <_-IWBEP_-I_SBD_OP>
     <PROJECT>ZHOSPITALS</PROJECT>
     <NODE_UUID>AFBWiRncHtuPvR/Bz1+Q9g==</NODE_UUID>
     <PARENT_UUID>AFBWiRncHtuPvR/Bz18Q9g==</PARENT_UUID>
     <NAME>Delete</NAME>
     <OPERATION_TYPE>D</OPERATION_TYPE>
     <IMP_METHOD>DISEASESSET_DELETE_ENTITY</IMP_METHOD>
    </_-IWBEP_-I_SBD_OP>
    <_-IWBEP_-I_SBD_OP>
     <PROJECT>ZHOSPITALS</PROJECT>
     <NODE_UUID>AFBWiRncHtuPvR/Bz1+w9g==</NODE_UUID>
     <PARENT_UUID>AFBWiRncHtuPvR/Bz18Q9g==</PARENT_UUID>
     <NAME>GetEntitySet (Query)</NAME>
     <OPERATION_TYPE>Q</OPERATION_TYPE>
     <IMP_METHOD>DISEASESSET_GET_ENTITYSET</IMP_METHOD>
    </_-IWBEP_-I_SBD_OP>
   </_-IWBEP_-I_SBD_OP>
   <_-IWBEP_-I_SBD_OPT>
    <_-IWBEP_-I_SBD_OPT>
     <SYLANGU>E</SYLANGU>
     <PROJECT>ZHOSPITALS</PROJECT>
     <NODE_UUID>AFBWiRncHtuPvRKcIanw1g==</NODE_UUID>
    </_-IWBEP_-I_SBD_OPT>
    <_-IWBEP_-I_SBD_OPT>
     <SYLANGU>E</SYLANGU>
     <PROJECT>ZHOSPITALS</PROJECT>
     <NODE_UUID>AFBWiRncHtuPvRKcIaoQ1g==</NODE_UUID>
    </_-IWBEP_-I_SBD_OPT>
    <_-IWBEP_-I_SBD_OPT>
     <SYLANGU>E</SYLANGU>
     <PROJECT>ZHOSPITALS</PROJECT>
     <NODE_UUID>AFBWiRncHtuPvRKcIaow1g==</NODE_UUID>
    </_-IWBEP_-I_SBD_OPT>
    <_-IWBEP_-I_SBD_OPT>
     <SYLANGU>E</SYLANGU>
     <PROJECT>ZHOSPITALS</PROJECT>
     <NODE_UUID>AFBWiRncHtuPvRKcIapQ1g==</NODE_UUID>
    </_-IWBEP_-I_SBD_OPT>
    <_-IWBEP_-I_SBD_OPT>
     <SYLANGU>E</SYLANGU>
     <PROJECT>ZHOSPITALS</PROJECT>
     <NODE_UUID>AFBWiRncHtuPvRKcIapw1g==</NODE_UUID>
    </_-IWBEP_-I_SBD_OPT>
    <_-IWBEP_-I_SBD_OPT>
     <SYLANGU>E</SYLANGU>
     <PROJECT>ZHOSPITALS</PROJECT>
     <NODE_UUID>AFBWiRncHtuPvRlwkHeQ2w==</NODE_UUID>
    </_-IWBEP_-I_SBD_OPT>
    <_-IWBEP_-I_SBD_OPT>
     <SYLANGU>E</SYLANGU>
     <PROJECT>ZHOSPITALS</PROJECT>
     <NODE_UUID>AFBWiRncHtuPvRlwkHew2w==</NODE_UUID>
    </_-IWBEP_-I_SBD_OPT>
    <_-IWBEP_-I_SBD_OPT>
     <SYLANGU>E</SYLANGU>
     <PROJECT>ZHOSPITALS</PROJECT>
     <NODE_UUID>AFBWiRncHtuPvRlwkHfQ2w==</NODE_UUID>
    </_-IWBEP_-I_SBD_OPT>
    <_-IWBEP_-I_SBD_OPT>
     <SYLANGU>E</SYLANGU>
     <PROJECT>ZHOSPITALS</PROJECT>
     <NODE_UUID>AFBWiRncHtuPvRlwkHfw2w==</NODE_UUID>
    </_-IWBEP_-I_SBD_OPT>
    <_-IWBEP_-I_SBD_OPT>
     <SYLANGU>E</SYLANGU>
     <PROJECT>ZHOSPITALS</PROJECT>
     <NODE_UUID>AFBWiRncHtuPvRlwkHgQ2w==</NODE_UUID>
    </_-IWBEP_-I_SBD_OPT>
    <_-IWBEP_-I_SBD_OPT>
     <SYLANGU>E</SYLANGU>
     <PROJECT>ZHOSPITALS</PROJECT>
     <NODE_UUID>AFBWiRncHtuPvR/Bz18w9g==</NODE_UUID>
    </_-IWBEP_-I_SBD_OPT>
    <_-IWBEP_-I_SBD_OPT>
     <SYLANGU>E</SYLANGU>
     <PROJECT>ZHOSPITALS</PROJECT>
     <NODE_UUID>AFBWiRncHtuPvR/Bz19Q9g==</NODE_UUID>
    </_-IWBEP_-I_SBD_OPT>
    <_-IWBEP_-I_SBD_OPT>
     <SYLANGU>E</SYLANGU>
     <PROJECT>ZHOSPITALS</PROJECT>
     <NODE_UUID>AFBWiRncHtuPvR/Bz19w9g==</NODE_UUID>
    </_-IWBEP_-I_SBD_OPT>
    <_-IWBEP_-I_SBD_OPT>
     <SYLANGU>E</SYLANGU>
     <PROJECT>ZHOSPITALS</PROJECT>
     <NODE_UUID>AFBWiRncHtuPvR/Bz1+Q9g==</NODE_UUID>
    </_-IWBEP_-I_SBD_OPT>
    <_-IWBEP_-I_SBD_OPT>
     <SYLANGU>E</SYLANGU>
     <PROJECT>ZHOSPITALS</PROJECT>
     <NODE_UUID>AFBWiRncHtuPvR/Bz1+w9g==</NODE_UUID>
    </_-IWBEP_-I_SBD_OPT>
   </_-IWBEP_-I_SBD_OPT>
   <_-IWBEP_-I_SBD_PR>
    <_-IWBEP_-I_SBD_PR>
     <PROJECT>ZHOSPITALS</PROJECT>
     <NODE_UUID>AFBWiRncHtuPvQskaVSw1Q==</NODE_UUID>
     <CREATION_USER_ID>SBAKALAOV</CREATION_USER_ID>
     <CREATION_TIME>20201214084251.673737</CREATION_TIME>
     <LAST_CHG_USER_ID>SBAKALAOV</LAST_CHG_USER_ID>
     <LAST_CHG_TIME>20201214085758.008327</LAST_CHG_TIME>
     <LAST_CHG_STATE>AFBWiRncHtuPvU7HkX+xSA==</LAST_CHG_STATE>
     <PLUGIN>/IWBEP/GEN</PLUGIN>
     <STRAT_NAME>0001</STRAT_NAME>
     <STRAT_VERSION>0001</STRAT_VERSION>
     <PROJECT_TYPE>1</PROJECT_TYPE>
    </_-IWBEP_-I_SBD_PR>
   </_-IWBEP_-I_SBD_PR>
   <_-IWBEP_-I_SBD_PRT>
    <_-IWBEP_-I_SBD_PRT>
     <PROJECT>ZHOSPITALS</PROJECT>
     <SYLANGU>E</SYLANGU>
     <DESCRIPTION>hospitals for simeon</DESCRIPTION>
    </_-IWBEP_-I_SBD_PRT>
   </_-IWBEP_-I_SBD_PRT>
   <_-IWBEP_-I_SBD_SE>
    <_-IWBEP_-I_SBD_SE>
     <PROJECT>ZHOSPITALS</PROJECT>
     <NODE_UUID>AFBWiRncHtuPvRKcIanQ1g==</NODE_UUID>
     <PARENT_UUID>AFBWiRncHtuPvQskaVTw1Q==</PARENT_UUID>
     <NAME>hospitalsSet</NAME>
     <ENTITY_SET_UUID>AFBWiRncHtuPvRKcIamw1g==</ENTITY_SET_UUID>
    </_-IWBEP_-I_SBD_SE>
    <_-IWBEP_-I_SBD_SE>
     <PROJECT>ZHOSPITALS</PROJECT>
     <NODE_UUID>AFBWiRncHtuPvRlwkHdw2w==</NODE_UUID>
     <PARENT_UUID>AFBWiRncHtuPvQskaVTw1Q==</PARENT_UUID>
     <NAME>patientsSet</NAME>
     <ENTITY_SET_UUID>AFBWiRncHtuPvRlwkHdQ2w==</ENTITY_SET_UUID>
    </_-IWBEP_-I_SBD_SE>
    <_-IWBEP_-I_SBD_SE>
     <PROJECT>ZHOSPITALS</PROJECT>
     <NODE_UUID>AFBWiRncHtuPvR/Bz18Q9g==</NODE_UUID>
     <PARENT_UUID>AFBWiRncHtuPvQskaVTw1Q==</PARENT_UUID>
     <NAME>diseasesSet</NAME>
     <ENTITY_SET_UUID>AFBWiRncHtuPvR/Bz17w9g==</ENTITY_SET_UUID>
    </_-IWBEP_-I_SBD_SE>
   </_-IWBEP_-I_SBD_SE>
   <_-IWBEP_-I_SBD_SET>
    <_-IWBEP_-I_SBD_SET>
     <SYLANGU>E</SYLANGU>
     <PROJECT>ZHOSPITALS</PROJECT>
     <NODE_UUID>AFBWiRncHtuPvRKcIanQ1g==</NODE_UUID>
    </_-IWBEP_-I_SBD_SET>
    <_-IWBEP_-I_SBD_SET>
     <SYLANGU>E</SYLANGU>
     <PROJECT>ZHOSPITALS</PROJECT>
     <NODE_UUID>AFBWiRncHtuPvRlwkHdw2w==</NODE_UUID>
    </_-IWBEP_-I_SBD_SET>
    <_-IWBEP_-I_SBD_SET>
     <SYLANGU>E</SYLANGU>
     <PROJECT>ZHOSPITALS</PROJECT>
     <NODE_UUID>AFBWiRncHtuPvR/Bz18Q9g==</NODE_UUID>
    </_-IWBEP_-I_SBD_SET>
   </_-IWBEP_-I_SBD_SET>
   <_-IWBEP_-I_SBD_SV>
    <_-IWBEP_-I_SBD_SV>
     <PROJECT>ZHOSPITALS</PROJECT>
     <NODE_UUID>AFBWiRncHtuPvQskaVTw1Q==</NODE_UUID>
     <TECHNICAL_NAME>ZHOSPITALS_SRV</TECHNICAL_NAME>
     <VERSION>0001</VERSION>
     <DPC>ZCL_ZHOSPITALS_DPC_EXT</DPC>
     <EXTERNAL_NAME>ZHOSPITALS_SRV</EXTERNAL_NAME>
    </_-IWBEP_-I_SBD_SV>
   </_-IWBEP_-I_SBD_SV>
   <_-IWBEP_-I_SBD_SVT>
    <_-IWBEP_-I_SBD_SVT>
     <SYLANGU>E</SYLANGU>
     <PROJECT>ZHOSPITALS</PROJECT>
     <NODE_UUID>AFBWiRncHtuPvQskaVTw1Q==</NODE_UUID>
    </_-IWBEP_-I_SBD_SVT>
   </_-IWBEP_-I_SBD_SVT>
   <_-IWBEP_-I_SBO_ASO>
    <_-IWBEP_-I_SBO_ASO>
     <PROJECT>ZHOSPITALS</PROJECT>
     <NODE_UUID>AFBWiRncHtuPvSngveYQ+g==</NODE_UUID>
     <NAME>Hospitalpatient</NAME>
     <MODEL_GUID>AFBWiRncHtuPvQskaVTQ1Q==</MODEL_GUID>
     <LEFT_END_GUID>AFBWiRncHtuPvRKcIakQ1g==</LEFT_END_GUID>
     <RIGHT_END_GUID>AFBWiRncHtuPvRlwkHaQ2w==</RIGHT_END_GUID>
     <LEFT_END_CARD>1</LEFT_END_CARD>
     <RIGHT_END_CARD>M</RIGHT_END_CARD>
     <REF_TYPE>T</REF_TYPE>
     <DESCRIPTION_XU>X</DESCRIPTION_XU>
    </_-IWBEP_-I_SBO_ASO>
    <_-IWBEP_-I_SBO_ASO>
     <PROJECT>ZHOSPITALS</PROJECT>
     <NODE_UUID>AFBWiRncHtuPvTzU+5WxJQ==</NODE_UUID>
     <NAME>Patientdisease</NAME>
     <MODEL_GUID>AFBWiRncHtuPvQskaVTQ1Q==</MODEL_GUID>
     <LEFT_END_GUID>AFBWiRncHtuPvRlwkHaQ2w==</LEFT_END_GUID>
     <RIGHT_END_GUID>AFBWiRncHtuPvR/Bz15w9g==</RIGHT_END_GUID>
     <LEFT_END_CARD>1</LEFT_END_CARD>
     <RIGHT_END_CARD>M</RIGHT_END_CARD>
     <REF_TYPE>T</REF_TYPE>
     <DESCRIPTION_XU>X</DESCRIPTION_XU>
    </_-IWBEP_-I_SBO_ASO>
   </_-IWBEP_-I_SBO_ASO>
   <_-IWBEP_-I_SBO_AST>
    <_-IWBEP_-I_SBO_AST>
     <SYLANGU>E</SYLANGU>
     <PROJECT>ZHOSPITALS</PROJECT>
     <NODE_UUID>AFBWiRncHtuPvSngveYQ+g==</NODE_UUID>
    </_-IWBEP_-I_SBO_AST>
    <_-IWBEP_-I_SBO_AST>
     <SYLANGU>E</SYLANGU>
     <PROJECT>ZHOSPITALS</PROJECT>
     <NODE_UUID>AFBWiRncHtuPvTzU+5WxJQ==</NODE_UUID>
    </_-IWBEP_-I_SBO_AST>
   </_-IWBEP_-I_SBO_AST>
   <_-IWBEP_-I_SBO_ES>
    <_-IWBEP_-I_SBO_ES>
     <PROJECT>ZHOSPITALS</PROJECT>
     <NODE_UUID>AFBWiRncHtuPvRKcIamw1g==</NODE_UUID>
     <MODEL>AFBWiRncHtuPvQskaVTQ1Q==</MODEL>
     <NAME>hospitalsSet</NAME>
     <ENTITY_TYPE>AFBWiRncHtuPvRKcIakQ1g==</ENTITY_TYPE>
     <ADDRESSABLE>X</ADDRESSABLE>
     <REF_TYPE>T</REF_TYPE>
     <TECH_NAME>HOSPITALSSET</TECH_NAME>
     <CREATABLE_XU>X</CREATABLE_XU>
     <UPDATABLE_XU>X</UPDATABLE_XU>
     <DELETABLE_XU>X</DELETABLE_XU>
     <PAGEABLE_XU>X</PAGEABLE_XU>
     <SEARCHABLE_XU>X</SEARCHABLE_XU>
     <SUBSCRIBABLE_XU>X</SUBSCRIBABLE_XU>
     <REQUIRES_FLT_XU>X</REQUIRES_FLT_XU>
     <SEMANTIC_XU>X</SEMANTIC_XU>
     <LABEL_REF_XU>X</LABEL_REF_XU>
     <DESCRIPTION_XU>X</DESCRIPTION_XU>
     <ESET_LABEL_XU>X</ESET_LABEL_XU>
     <IN_SERV_DOCU>X</IN_SERV_DOCU>
    </_-IWBEP_-I_SBO_ES>
    <_-IWBEP_-I_SBO_ES>
     <PROJECT>ZHOSPITALS</PROJECT>
     <NODE_UUID>AFBWiRncHtuPvRlwkHdQ2w==</NODE_UUID>
     <MODEL>AFBWiRncHtuPvQskaVTQ1Q==</MODEL>
     <NAME>patientsSet</NAME>
     <ENTITY_TYPE>AFBWiRncHtuPvRlwkHaQ2w==</ENTITY_TYPE>
     <ADDRESSABLE>X</ADDRESSABLE>
     <REF_TYPE>T</REF_TYPE>
     <TECH_NAME>PATIENTSSET</TECH_NAME>
     <CREATABLE_XU>X</CREATABLE_XU>
     <UPDATABLE_XU>X</UPDATABLE_XU>
     <DELETABLE_XU>X</DELETABLE_XU>
     <PAGEABLE_XU>X</PAGEABLE_XU>
     <SEARCHABLE_XU>X</SEARCHABLE_XU>
     <SUBSCRIBABLE_XU>X</SUBSCRIBABLE_XU>
     <REQUIRES_FLT_XU>X</REQUIRES_FLT_XU>
     <SEMANTIC_XU>X</SEMANTIC_XU>
     <LABEL_REF_XU>X</LABEL_REF_XU>
     <DESCRIPTION_XU>X</DESCRIPTION_XU>
     <ESET_LABEL_XU>X</ESET_LABEL_XU>
     <IN_SERV_DOCU>X</IN_SERV_DOCU>
    </_-IWBEP_-I_SBO_ES>
    <_-IWBEP_-I_SBO_ES>
     <PROJECT>ZHOSPITALS</PROJECT>
     <NODE_UUID>AFBWiRncHtuPvR/Bz17w9g==</NODE_UUID>
     <MODEL>AFBWiRncHtuPvQskaVTQ1Q==</MODEL>
     <NAME>diseasesSet</NAME>
     <ENTITY_TYPE>AFBWiRncHtuPvR/Bz15w9g==</ENTITY_TYPE>
     <ADDRESSABLE>X</ADDRESSABLE>
     <REF_TYPE>T</REF_TYPE>
     <TECH_NAME>DISEASESSET</TECH_NAME>
     <CREATABLE_XU>X</CREATABLE_XU>
     <UPDATABLE_XU>X</UPDATABLE_XU>
     <DELETABLE_XU>X</DELETABLE_XU>
     <PAGEABLE_XU>X</PAGEABLE_XU>
     <SEARCHABLE_XU>X</SEARCHABLE_XU>
     <SUBSCRIBABLE_XU>X</SUBSCRIBABLE_XU>
     <REQUIRES_FLT_XU>X</REQUIRES_FLT_XU>
     <SEMANTIC_XU>X</SEMANTIC_XU>
     <LABEL_REF_XU>X</LABEL_REF_XU>
     <DESCRIPTION_XU>X</DESCRIPTION_XU>
     <ESET_LABEL_XU>X</ESET_LABEL_XU>
     <IN_SERV_DOCU>X</IN_SERV_DOCU>
    </_-IWBEP_-I_SBO_ES>
   </_-IWBEP_-I_SBO_ES>
   <_-IWBEP_-I_SBO_EST>
    <_-IWBEP_-I_SBO_EST>
     <SYLANGU>E</SYLANGU>
     <PROJECT>ZHOSPITALS</PROJECT>
     <NODE_UUID>AFBWiRncHtuPvRKcIamw1g==</NODE_UUID>
    </_-IWBEP_-I_SBO_EST>
    <_-IWBEP_-I_SBO_EST>
     <SYLANGU>E</SYLANGU>
     <PROJECT>ZHOSPITALS</PROJECT>
     <NODE_UUID>AFBWiRncHtuPvRlwkHdQ2w==</NODE_UUID>
    </_-IWBEP_-I_SBO_EST>
    <_-IWBEP_-I_SBO_EST>
     <SYLANGU>E</SYLANGU>
     <PROJECT>ZHOSPITALS</PROJECT>
     <NODE_UUID>AFBWiRncHtuPvR/Bz17w9g==</NODE_UUID>
    </_-IWBEP_-I_SBO_EST>
   </_-IWBEP_-I_SBO_EST>
   <_-IWBEP_-I_SBO_ET>
    <_-IWBEP_-I_SBO_ET>
     <PROJECT>ZHOSPITALS</PROJECT>
     <NODE_UUID>AFBWiRncHtuPvRKcIakQ1g==</NODE_UUID>
     <NAME>hospitals</NAME>
     <MODEL>AFBWiRncHtuPvQskaVTQ1Q==</MODEL>
     <REF_TYPE>T</REF_TYPE>
     <ABAP_STRUCT>ZHOSPITALS</ABAP_STRUCT>
     <TECH_NAME>HOSPITALS</TECH_NAME>
     <BASE_TYPE_XU>X</BASE_TYPE_XU>
     <FC_TARGET_PATHXU>X</FC_TARGET_PATHXU>
     <TXTR_XU>X</TXTR_XU>
     <DESCRIPTION_XU>X</DESCRIPTION_XU>
     <ET_LABEL_XU>X</ET_LABEL_XU>
    </_-IWBEP_-I_SBO_ET>
    <_-IWBEP_-I_SBO_ET>
     <PROJECT>ZHOSPITALS</PROJECT>
     <NODE_UUID>AFBWiRncHtuPvRlwkHaQ2w==</NODE_UUID>
     <NAME>patients</NAME>
     <MODEL>AFBWiRncHtuPvQskaVTQ1Q==</MODEL>
     <REF_TYPE>T</REF_TYPE>
     <ABAP_STRUCT>ZPATIENTS</ABAP_STRUCT>
     <TECH_NAME>PATIENTS</TECH_NAME>
     <BASE_TYPE_XU>X</BASE_TYPE_XU>
     <FC_TARGET_PATHXU>X</FC_TARGET_PATHXU>
     <TXTR_XU>X</TXTR_XU>
     <DESCRIPTION_XU>X</DESCRIPTION_XU>
     <ET_LABEL_XU>X</ET_LABEL_XU>
    </_-IWBEP_-I_SBO_ET>
    <_-IWBEP_-I_SBO_ET>
     <PROJECT>ZHOSPITALS</PROJECT>
     <NODE_UUID>AFBWiRncHtuPvR/Bz15w9g==</NODE_UUID>
     <NAME>diseases</NAME>
     <MODEL>AFBWiRncHtuPvQskaVTQ1Q==</MODEL>
     <REF_TYPE>T</REF_TYPE>
     <ABAP_STRUCT>ZDISEASES</ABAP_STRUCT>
     <TECH_NAME>DISEASES</TECH_NAME>
     <BASE_TYPE_XU>X</BASE_TYPE_XU>
     <FC_TARGET_PATHXU>X</FC_TARGET_PATHXU>
     <TXTR_XU>X</TXTR_XU>
     <DESCRIPTION_XU>X</DESCRIPTION_XU>
     <ET_LABEL_XU>X</ET_LABEL_XU>
    </_-IWBEP_-I_SBO_ET>
   </_-IWBEP_-I_SBO_ET>
   <_-IWBEP_-I_SBO_ETT>
    <_-IWBEP_-I_SBO_ETT>
     <SYLANGU>E</SYLANGU>
     <PROJECT>ZHOSPITALS</PROJECT>
     <NODE_UUID>AFBWiRncHtuPvRKcIakQ1g==</NODE_UUID>
    </_-IWBEP_-I_SBO_ETT>
    <_-IWBEP_-I_SBO_ETT>
     <SYLANGU>E</SYLANGU>
     <PROJECT>ZHOSPITALS</PROJECT>
     <NODE_UUID>AFBWiRncHtuPvRlwkHaQ2w==</NODE_UUID>
    </_-IWBEP_-I_SBO_ETT>
    <_-IWBEP_-I_SBO_ETT>
     <SYLANGU>E</SYLANGU>
     <PROJECT>ZHOSPITALS</PROJECT>
     <NODE_UUID>AFBWiRncHtuPvR/Bz15w9g==</NODE_UUID>
    </_-IWBEP_-I_SBO_ETT>
   </_-IWBEP_-I_SBO_ETT>
   <_-IWBEP_-I_SBO_PR>
    <_-IWBEP_-I_SBO_PR>
     <PROJECT>ZHOSPITALS</PROJECT>
     <NODE_UUID>AFBWiRncHtuPvRKcIakw1g==</NODE_UUID>
     <PARENT_UUID>AFBWiRncHtuPvRKcIakQ1g==</PARENT_UUID>
     <NAME>Name</NAME>
     <IS_KEY>X</IS_KEY>
     <MAX_LENGTH>10</MAX_LENGTH>
     <EDM_CORE_TYPE>Edm.String</EDM_CORE_TYPE>
     <REF_TYPE>T</REF_TYPE>
     <ABAP_FIELD>NAME</ABAP_FIELD>
     <AS_ETAG_XU>X</AS_ETAG_XU>
     <REQUIREFILTER_XU>X</REQUIREFILTER_XU>
     <UNIT_PROP_XU>X</UNIT_PROP_XU>
     <ABTY_XU>X</ABTY_XU>
     <SORT_ORDER>1</SORT_ORDER>
     <DESCRIPTION_XU>X</DESCRIPTION_XU>
    </_-IWBEP_-I_SBO_PR>
    <_-IWBEP_-I_SBO_PR>
     <PROJECT>ZHOSPITALS</PROJECT>
     <NODE_UUID>AFBWiRncHtuPvRKcIalQ1g==</NODE_UUID>
     <PARENT_UUID>AFBWiRncHtuPvRKcIakQ1g==</PARENT_UUID>
     <NAME>City</NAME>
     <MAX_LENGTH>20</MAX_LENGTH>
     <EDM_CORE_TYPE>Edm.String</EDM_CORE_TYPE>
     <REF_TYPE>T</REF_TYPE>
     <ABAP_FIELD>CITY</ABAP_FIELD>
     <AS_ETAG_XU>X</AS_ETAG_XU>
     <REQUIREFILTER_XU>X</REQUIREFILTER_XU>
     <UNIT_PROP_XU>X</UNIT_PROP_XU>
     <ABTY_XU>X</ABTY_XU>
     <SORT_ORDER>2</SORT_ORDER>
     <DESCRIPTION_XU>X</DESCRIPTION_XU>
    </_-IWBEP_-I_SBO_PR>
    <_-IWBEP_-I_SBO_PR>
     <PROJECT>ZHOSPITALS</PROJECT>
     <NODE_UUID>AFBWiRncHtuPvRKcIalw1g==</NODE_UUID>
     <PARENT_UUID>AFBWiRncHtuPvRKcIakQ1g==</PARENT_UUID>
     <NAME>Speciality</NAME>
     <MAX_LENGTH>50</MAX_LENGTH>
     <EDM_CORE_TYPE>Edm.String</EDM_CORE_TYPE>
     <REF_TYPE>T</REF_TYPE>
     <ABAP_FIELD>SPECIALITY</ABAP_FIELD>
     <AS_ETAG_XU>X</AS_ETAG_XU>
     <REQUIREFILTER_XU>X</REQUIREFILTER_XU>
     <UNIT_PROP_XU>X</UNIT_PROP_XU>
     <ABTY_XU>X</ABTY_XU>
     <SORT_ORDER>3</SORT_ORDER>
     <DESCRIPTION_XU>X</DESCRIPTION_XU>
    </_-IWBEP_-I_SBO_PR>
    <_-IWBEP_-I_SBO_PR>
     <PROJECT>ZHOSPITALS</PROJECT>
     <NODE_UUID>AFBWiRncHtuPvRKcIamQ1g==</NODE_UUID>
     <PARENT_UUID>AFBWiRncHtuPvRKcIakQ1g==</PARENT_UUID>
     <NAME>Capacity</NAME>
     <MAX_LENGTH>10</MAX_LENGTH>
     <EDM_CORE_TYPE>Edm.String</EDM_CORE_TYPE>
     <REF_TYPE>T</REF_TYPE>
     <ABAP_FIELD>CAPACITY</ABAP_FIELD>
     <AS_ETAG_XU>X</AS_ETAG_XU>
     <REQUIREFILTER_XU>X</REQUIREFILTER_XU>
     <UNIT_PROP_XU>X</UNIT_PROP_XU>
     <ABTY_XU>X</ABTY_XU>
     <SORT_ORDER>4</SORT_ORDER>
     <DESCRIPTION_XU>X</DESCRIPTION_XU>
    </_-IWBEP_-I_SBO_PR>
    <_-IWBEP_-I_SBO_PR>
     <PROJECT>ZHOSPITALS</PROJECT>
     <NODE_UUID>AFBWiRncHtuPvRlwkHaw2w==</NODE_UUID>
     <PARENT_UUID>AFBWiRncHtuPvRlwkHaQ2w==</PARENT_UUID>
     <NAME>Name</NAME>
     <IS_KEY>X</IS_KEY>
     <MAX_LENGTH>30</MAX_LENGTH>
     <EDM_CORE_TYPE>Edm.String</EDM_CORE_TYPE>
     <REF_TYPE>T</REF_TYPE>
     <ABAP_FIELD>NAME</ABAP_FIELD>
     <AS_ETAG_XU>X</AS_ETAG_XU>
     <REQUIREFILTER_XU>X</REQUIREFILTER_XU>
     <UNIT_PROP_XU>X</UNIT_PROP_XU>
     <ABTY_XU>X</ABTY_XU>
     <SORT_ORDER>1</SORT_ORDER>
     <DESCRIPTION_XU>X</DESCRIPTION_XU>
    </_-IWBEP_-I_SBO_PR>
    <_-IWBEP_-I_SBO_PR>
     <PROJECT>ZHOSPITALS</PROJECT>
     <NODE_UUID>AFBWiRncHtuPvRlwkHbQ2w==</NODE_UUID>
     <PARENT_UUID>AFBWiRncHtuPvRlwkHaQ2w==</PARENT_UUID>
     <NAME>Hospitalname</NAME>
     <MAX_LENGTH>30</MAX_LENGTH>
     <EDM_CORE_TYPE>Edm.String</EDM_CORE_TYPE>
     <REF_TYPE>T</REF_TYPE>
     <ABAP_FIELD>HOSPITALNAME</ABAP_FIELD>
     <AS_ETAG_XU>X</AS_ETAG_XU>
     <REQUIREFILTER_XU>X</REQUIREFILTER_XU>
     <UNIT_PROP_XU>X</UNIT_PROP_XU>
     <ABTY_XU>X</ABTY_XU>
     <SORT_ORDER>2</SORT_ORDER>
     <DESCRIPTION_XU>X</DESCRIPTION_XU>
    </_-IWBEP_-I_SBO_PR>
    <_-IWBEP_-I_SBO_PR>
     <PROJECT>ZHOSPITALS</PROJECT>
     <NODE_UUID>AFBWiRncHtuPvRlwkHbw2w==</NODE_UUID>
     <PARENT_UUID>AFBWiRncHtuPvRlwkHaQ2w==</PARENT_UUID>
     <NAME>Age</NAME>
     <MAX_LENGTH>10</MAX_LENGTH>
     <EDM_CORE_TYPE>Edm.String</EDM_CORE_TYPE>
     <REF_TYPE>T</REF_TYPE>
     <ABAP_FIELD>AGE</ABAP_FIELD>
     <AS_ETAG_XU>X</AS_ETAG_XU>
     <REQUIREFILTER_XU>X</REQUIREFILTER_XU>
     <UNIT_PROP_XU>X</UNIT_PROP_XU>
     <ABTY_XU>X</ABTY_XU>
     <SORT_ORDER>3</SORT_ORDER>
     <DESCRIPTION_XU>X</DESCRIPTION_XU>
    </_-IWBEP_-I_SBO_PR>
    <_-IWBEP_-I_SBO_PR>
     <PROJECT>ZHOSPITALS</PROJECT>
     <NODE_UUID>AFBWiRncHtuPvRlwkHcQ2w==</NODE_UUID>
     <PARENT_UUID>AFBWiRncHtuPvRlwkHaQ2w==</PARENT_UUID>
     <NAME>Sex</NAME>
     <MAX_LENGTH>20</MAX_LENGTH>
     <EDM_CORE_TYPE>Edm.String</EDM_CORE_TYPE>
     <REF_TYPE>T</REF_TYPE>
     <ABAP_FIELD>SEX</ABAP_FIELD>
     <AS_ETAG_XU>X</AS_ETAG_XU>
     <REQUIREFILTER_XU>X</REQUIREFILTER_XU>
     <UNIT_PROP_XU>X</UNIT_PROP_XU>
     <ABTY_XU>X</ABTY_XU>
     <SORT_ORDER>4</SORT_ORDER>
     <DESCRIPTION_XU>X</DESCRIPTION_XU>
    </_-IWBEP_-I_SBO_PR>
    <_-IWBEP_-I_SBO_PR>
     <PROJECT>ZHOSPITALS</PROJECT>
     <NODE_UUID>AFBWiRncHtuPvRlwkHcw2w==</NODE_UUID>
     <PARENT_UUID>AFBWiRncHtuPvRlwkHaQ2w==</PARENT_UUID>
     <NAME>Disease</NAME>
     <MAX_LENGTH>30</MAX_LENGTH>
     <EDM_CORE_TYPE>Edm.String</EDM_CORE_TYPE>
     <REF_TYPE>T</REF_TYPE>
     <ABAP_FIELD>DISEASE</ABAP_FIELD>
     <AS_ETAG_XU>X</AS_ETAG_XU>
     <REQUIREFILTER_XU>X</REQUIREFILTER_XU>
     <UNIT_PROP_XU>X</UNIT_PROP_XU>
     <ABTY_XU>X</ABTY_XU>
     <SORT_ORDER>5</SORT_ORDER>
     <DESCRIPTION_XU>X</DESCRIPTION_XU>
    </_-IWBEP_-I_SBO_PR>
    <_-IWBEP_-I_SBO_PR>
     <PROJECT>ZHOSPITALS</PROJECT>
     <NODE_UUID>AFBWiRncHtuPvR/Bz16Q9g==</NODE_UUID>
     <PARENT_UUID>AFBWiRncHtuPvR/Bz15w9g==</PARENT_UUID>
     <NAME>Name</NAME>
     <IS_KEY>X</IS_KEY>
     <MAX_LENGTH>30</MAX_LENGTH>
     <EDM_CORE_TYPE>Edm.String</EDM_CORE_TYPE>
     <REF_TYPE>T</REF_TYPE>
     <ABAP_FIELD>NAME</ABAP_FIELD>
     <AS_ETAG_XU>X</AS_ETAG_XU>
     <REQUIREFILTER_XU>X</REQUIREFILTER_XU>
     <UNIT_PROP_XU>X</UNIT_PROP_XU>
     <ABTY_XU>X</ABTY_XU>
     <SORT_ORDER>1</SORT_ORDER>
     <DESCRIPTION_XU>X</DESCRIPTION_XU>
    </_-IWBEP_-I_SBO_PR>
    <_-IWBEP_-I_SBO_PR>
     <PROJECT>ZHOSPITALS</PROJECT>
     <NODE_UUID>AFBWiRncHtuPvR/Bz16w9g==</NODE_UUID>
     <PARENT_UUID>AFBWiRncHtuPvR/Bz15w9g==</PARENT_UUID>
     <NAME>Patient</NAME>
     <MAX_LENGTH>30</MAX_LENGTH>
     <EDM_CORE_TYPE>Edm.String</EDM_CORE_TYPE>
     <REF_TYPE>T</REF_TYPE>
     <ABAP_FIELD>PATIENT</ABAP_FIELD>
     <AS_ETAG_XU>X</AS_ETAG_XU>
     <REQUIREFILTER_XU>X</REQUIREFILTER_XU>
     <UNIT_PROP_XU>X</UNIT_PROP_XU>
     <ABTY_XU>X</ABTY_XU>
     <SORT_ORDER>2</SORT_ORDER>
     <DESCRIPTION_XU>X</DESCRIPTION_XU>
    </_-IWBEP_-I_SBO_PR>
    <_-IWBEP_-I_SBO_PR>
     <PROJECT>ZHOSPITALS</PROJECT>
     <NODE_UUID>AFBWiRncHtuPvR/Bz17Q9g==</NODE_UUID>
     <PARENT_UUID>AFBWiRncHtuPvR/Bz15w9g==</PARENT_UUID>
     <NAME>Datefound</NAME>
     <PROP_PRECISION>7</PROP_PRECISION>
     <EDM_CORE_TYPE>Edm.DateTime</EDM_CORE_TYPE>
     <REF_TYPE>T</REF_TYPE>
     <ABAP_FIELD>DATEFOUND</ABAP_FIELD>
     <AS_ETAG_XU>X</AS_ETAG_XU>
     <REQUIREFILTER_XU>X</REQUIREFILTER_XU>
     <UNIT_PROP_XU>X</UNIT_PROP_XU>
     <ABTY_XU>X</ABTY_XU>
     <SORT_ORDER>3</SORT_ORDER>
     <DESCRIPTION_XU>X</DESCRIPTION_XU>
    </_-IWBEP_-I_SBO_PR>
   </_-IWBEP_-I_SBO_PR>
   <_-IWBEP_-I_SBO_PRT>
    <_-IWBEP_-I_SBO_PRT>
     <SYLANGU>E</SYLANGU>
     <PROJECT>ZHOSPITALS</PROJECT>
     <NODE_UUID>AFBWiRncHtuPvRKcIakw1g==</NODE_UUID>
     <PROP_LABEL>Character Field with Length 10</PROP_LABEL>
    </_-IWBEP_-I_SBO_PRT>
    <_-IWBEP_-I_SBO_PRT>
     <SYLANGU>E</SYLANGU>
     <PROJECT>ZHOSPITALS</PROJECT>
     <NODE_UUID>AFBWiRncHtuPvRKcIalQ1g==</NODE_UUID>
     <PROP_LABEL>Char20</PROP_LABEL>
    </_-IWBEP_-I_SBO_PRT>
    <_-IWBEP_-I_SBO_PRT>
     <SYLANGU>E</SYLANGU>
     <PROJECT>ZHOSPITALS</PROJECT>
     <NODE_UUID>AFBWiRncHtuPvRKcIalw1g==</NODE_UUID>
     <PROP_LABEL>c</PROP_LABEL>
    </_-IWBEP_-I_SBO_PRT>
    <_-IWBEP_-I_SBO_PRT>
     <SYLANGU>E</SYLANGU>
     <PROJECT>ZHOSPITALS</PROJECT>
     <NODE_UUID>AFBWiRncHtuPvRKcIamQ1g==</NODE_UUID>
     <PROP_LABEL>Character Field with Length 10</PROP_LABEL>
    </_-IWBEP_-I_SBO_PRT>
    <_-IWBEP_-I_SBO_PRT>
     <SYLANGU>E</SYLANGU>
     <PROJECT>ZHOSPITALS</PROJECT>
     <NODE_UUID>AFBWiRncHtuPvRlwkHaw2w==</NODE_UUID>
     <PROP_LABEL>30 Characters</PROP_LABEL>
    </_-IWBEP_-I_SBO_PRT>
    <_-IWBEP_-I_SBO_PRT>
     <SYLANGU>E</SYLANGU>
     <PROJECT>ZHOSPITALS</PROJECT>
     <NODE_UUID>AFBWiRncHtuPvRlwkHbQ2w==</NODE_UUID>
     <PROP_LABEL>30 Characters</PROP_LABEL>
    </_-IWBEP_-I_SBO_PRT>
    <_-IWBEP_-I_SBO_PRT>
     <SYLANGU>E</SYLANGU>
     <PROJECT>ZHOSPITALS</PROJECT>
     <NODE_UUID>AFBWiRncHtuPvRlwkHbw2w==</NODE_UUID>
     <PROP_LABEL>Character Field with Length 10</PROP_LABEL>
    </_-IWBEP_-I_SBO_PRT>
    <_-IWBEP_-I_SBO_PRT>
     <SYLANGU>E</SYLANGU>
     <PROJECT>ZHOSPITALS</PROJECT>
     <NODE_UUID>AFBWiRncHtuPvRlwkHcQ2w==</NODE_UUID>
     <PROP_LABEL>Char20</PROP_LABEL>
    </_-IWBEP_-I_SBO_PRT>
    <_-IWBEP_-I_SBO_PRT>
     <SYLANGU>E</SYLANGU>
     <PROJECT>ZHOSPITALS</PROJECT>
     <NODE_UUID>AFBWiRncHtuPvRlwkHcw2w==</NODE_UUID>
     <PROP_LABEL>30 Characters</PROP_LABEL>
    </_-IWBEP_-I_SBO_PRT>
    <_-IWBEP_-I_SBO_PRT>
     <SYLANGU>E</SYLANGU>
     <PROJECT>ZHOSPITALS</PROJECT>
     <NODE_UUID>AFBWiRncHtuPvR/Bz16Q9g==</NODE_UUID>
     <PROP_LABEL>30 Characters</PROP_LABEL>
    </_-IWBEP_-I_SBO_PRT>
    <_-IWBEP_-I_SBO_PRT>
     <SYLANGU>E</SYLANGU>
     <PROJECT>ZHOSPITALS</PROJECT>
     <NODE_UUID>AFBWiRncHtuPvR/Bz16w9g==</NODE_UUID>
     <PROP_LABEL>30 Characters</PROP_LABEL>
    </_-IWBEP_-I_SBO_PRT>
    <_-IWBEP_-I_SBO_PRT>
     <SYLANGU>E</SYLANGU>
     <PROJECT>ZHOSPITALS</PROJECT>
     <NODE_UUID>AFBWiRncHtuPvR/Bz17Q9g==</NODE_UUID>
     <PROP_LABEL>Date</PROP_LABEL>
    </_-IWBEP_-I_SBO_PRT>
   </_-IWBEP_-I_SBO_PRT>
   <_-IWBEP_-I_SBO_RC>
    <_-IWBEP_-I_SBO_RC>
     <PROJECT>ZHOSPITALS</PROJECT>
     <NODE_UUID>AFBWiRncHtuPvS/+g0gR</NODE_UUID>
     <NAME>Name</NAME>
     <DEPENDENT_PROP_R>AFBWiRncHtuPvRlwkHbQ2w==</DEPENDENT_PROP_R>
     <PRINCIPAL_PROP_R>AFBWiRncHtuPvRKcIakw1g==</PRINCIPAL_PROP_R>
     <PRINCIPAL_ROLE>AFBWiRncHtuPvRKcIakQ1g==</PRINCIPAL_ROLE>
     <DEPENDENT_ROLE>AFBWiRncHtuPvRlwkHaQ2w==</DEPENDENT_ROLE>
     <ASSOCIATION_GUID>AFBWiRncHtuPvSngveYQ+g==</ASSOCIATION_GUID>
     <REF_TYPE>T</REF_TYPE>
     <TXTR_XU>X</TXTR_XU>
     <DESCRIPTION_XU>X</DESCRIPTION_XU>
     <REFC_LABEL_XU>X</REFC_LABEL_XU>
     <PROPERTY_PATH>00000000000000000000000000000000</PROPERTY_PATH>
     <REF_PROP_PATH>00000000000000000000000000000000</REF_PROP_PATH>
    </_-IWBEP_-I_SBO_RC>
    <_-IWBEP_-I_SBO_RC>
     <PROJECT>ZHOSPITALS</PROJECT>
     <NODE_UUID>AFBWiRncHtuPvUydo14xRQ==</NODE_UUID>
     <NAME>Name</NAME>
     <DEPENDENT_PROP_R>AFBWiRncHtuPvR/Bz16w9g==</DEPENDENT_PROP_R>
     <PRINCIPAL_PROP_R>AFBWiRncHtuPvRlwkHaw2w==</PRINCIPAL_PROP_R>
     <PRINCIPAL_ROLE>AFBWiRncHtuPvRlwkHaQ2w==</PRINCIPAL_ROLE>
     <DEPENDENT_ROLE>AFBWiRncHtuPvR/Bz15w9g==</DEPENDENT_ROLE>
     <ASSOCIATION_GUID>AFBWiRncHtuPvTzU+5WxJQ==</ASSOCIATION_GUID>
     <REF_TYPE>T</REF_TYPE>
     <TXTR_XU>X</TXTR_XU>
     <DESCRIPTION_XU>X</DESCRIPTION_XU>
     <REFC_LABEL_XU>X</REFC_LABEL_XU>
     <PROPERTY_PATH>00000000000000000000000000000000</PROPERTY_PATH>
     <REF_PROP_PATH>00000000000000000000000000000000</REF_PROP_PATH>
    </_-IWBEP_-I_SBO_RC>
   </_-IWBEP_-I_SBO_RC>
   <_-IWBEP_-I_SBO_RCT>
    <_-IWBEP_-I_SBO_RCT>
     <SYLANGU>E</SYLANGU>
     <PROJECT>ZHOSPITALS</PROJECT>
     <NODE_UUID>AFBWiRncHtuPvS/+g0gR</NODE_UUID>
    </_-IWBEP_-I_SBO_RCT>
    <_-IWBEP_-I_SBO_RCT>
     <SYLANGU>E</SYLANGU>
     <PROJECT>ZHOSPITALS</PROJECT>
     <NODE_UUID>AFBWiRncHtuPvUydo14xRQ==</NODE_UUID>
    </_-IWBEP_-I_SBO_RCT>
   </_-IWBEP_-I_SBO_RCT>
  </asx:values>
 </asx:abap>
</abapGit>
