﻿<?xml version="1.0" encoding="utf-8"?>
<abapGit version="v1.0.0" serializer="LCL_OBJECT_PROG" serializer_version="v1.0.0">
 <asx:abap xmlns:asx="http://www.sap.com/abapxml" version="1.0">
  <asx:values>
   <PROGDIR>
    <NAME>ZMM_INVENTORY_TRACKER_SB</NAME>
    <SUBC>1</SUBC>
    <RLOAD>E</RLOAD>
    <FIXPT>X</FIXPT>
    <UCCHECK>X</UCCHECK>
   </PROGDIR>
   <TPOOL>
    <item>
     <ID>I</ID>
     <KEY>011</KEY>
     <ENTRY>select to display data or upload</ENTRY>
     <LENGTH>40</LENGTH>
    </item>
    <item>
     <ID>I</ID>
     <KEY>012</KEY>
     <ENTRY>upload your file</ENTRY>
     <LENGTH>26</LENGTH>
    </item>
    <item>
     <ID>I</ID>
     <KEY>013</KEY>
     <ENTRY>inventory</ENTRY>
     <LENGTH>26</LENGTH>
    </item>
    <item>
     <ID>I</ID>
     <KEY>014</KEY>
     <ENTRY>employee</ENTRY>
     <LENGTH>18</LENGTH>
    </item>
    <item>
     <ID>I</ID>
     <KEY>015</KEY>
     <ENTRY>manager</ENTRY>
     <LENGTH>17</LENGTH>
    </item>
    <item>
     <ID>I</ID>
     <KEY>017</KEY>
     <ENTRY>select an option</ENTRY>
     <LENGTH>26</LENGTH>
    </item>
    <item>
     <ID>R</ID>
     <ENTRY>Program ZMM_INVENTORY_TRACKER_SB</ENTRY>
     <LENGTH>32</LENGTH>
    </item>
    <item>
     <ID>S</ID>
     <KEY>P_DISP</KEY>
     <ENTRY>display</ENTRY>
     <LENGTH>15</LENGTH>
    </item>
    <item>
     <ID>S</ID>
     <KEY>P_EMP_D</KEY>
     <ENTRY>delete employee table</ENTRY>
     <LENGTH>29</LENGTH>
    </item>
    <item>
     <ID>S</ID>
     <KEY>P_FILE</KEY>
     <ENTRY>select the file location</ENTRY>
     <LENGTH>38</LENGTH>
    </item>
    <item>
     <ID>S</ID>
     <KEY>P_INV_D</KEY>
     <ENTRY>delete inventory table</ENTRY>
     <LENGTH>30</LENGTH>
    </item>
    <item>
     <ID>S</ID>
     <KEY>P_MANA_D</KEY>
     <ENTRY>delete manager table</ENTRY>
     <LENGTH>28</LENGTH>
    </item>
    <item>
     <ID>S</ID>
     <KEY>P_READ</KEY>
     <ENTRY>upload file</ENTRY>
     <LENGTH>19</LENGTH>
    </item>
    <item>
     <ID>S</ID>
     <KEY>P_REMP</KEY>
     <ENTRY>show employees</ENTRY>
     <LENGTH>22</LENGTH>
    </item>
    <item>
     <ID>S</ID>
     <KEY>P_RINV</KEY>
     <ENTRY>show inventory</ENTRY>
     <LENGTH>22</LENGTH>
    </item>
    <item>
     <ID>S</ID>
     <KEY>P_RMAN</KEY>
     <ENTRY>show managers</ENTRY>
     <LENGTH>21</LENGTH>
    </item>
    <item>
     <ID>S</ID>
     <KEY>P_RTEA</KEY>
     <ENTRY>show teams</ENTRY>
     <LENGTH>18</LENGTH>
    </item>
    <item>
     <ID>S</ID>
     <KEY>P_TEAM_D</KEY>
     <ENTRY>delete teams table</ENTRY>
     <LENGTH>26</LENGTH>
    </item>
   </TPOOL>
  </asx:values>
 </asx:abap>
</abapGit>
