﻿<?xml version="1.0" encoding="utf-8"?>
<abapGit version="v1.0.0" serializer="LCL_OBJECT_DTEL" serializer_version="v1.0.0">
 <asx:abap xmlns:asx="http://www.sap.com/abapxml" version="1.0">
  <asx:values>
   <DD04V>
    <ROLLNAME>ZSAPNO_SB</ROLLNAME>
    <DDLANGUAGE>E</DDLANGUAGE>
    <DOMNAME>INT10</DOMNAME>
    <HEADLEN>10</HEADLEN>
    <SCRLEN1>10</SCRLEN1>
    <SCRLEN2>20</SCRLEN2>
    <SCRLEN3>40</SCRLEN3>
    <DDTEXT>sap number for employee</DDTEXT>
    <REPTEXT>sapno</REPTEXT>
    <SCRTEXT_S>sapno</SCRTEXT_S>
    <SCRTEXT_M>sapno</SCRTEXT_M>
    <SCRTEXT_L>sapno</SCRTEXT_L>
    <DTELMASTER>E</DTELMASTER>
    <REFKIND>D</REFKIND>
   </DD04V>
  </asx:values>
 </asx:abap>
</abapGit>
