﻿<?xml version="1.0" encoding="utf-8"?>
<abapGit version="v1.0.0" serializer="LCL_OBJECT_TABL" serializer_version="v1.0.0">
 <asx:abap xmlns:asx="http://www.sap.com/abapxml" version="1.0">
  <asx:values>
   <DD02V>
    <TABNAME>ZUPLOAD_SB</TABNAME>
    <DDLANGUAGE>E</DDLANGUAGE>
    <TABCLASS>TRANSP</TABCLASS>
    <CLIDEP>X</CLIDEP>
    <DDTEXT>uploading data</DDTEXT>
    <MAINFLAG>X</MAINFLAG>
    <CONTFLAG>A</CONTFLAG>
   </DD02V>
   <DD09L>
    <TABNAME>ZUPLOAD_SB</TABNAME>
    <AS4LOCAL>A</AS4LOCAL>
    <TABKAT>0</TABKAT>
    <TABART>APPL0</TABART>
    <BUFALLOW>N</BUFALLOW>
   </DD09L>
   <DD03P_TABLE>
    <DD03P>
     <TABNAME>ZUPLOAD_SB</TABNAME>
     <FIELDNAME>MANDT</FIELDNAME>
     <POSITION>0001</POSITION>
     <KEYFLAG>X</KEYFLAG>
     <ROLLNAME>MANDT</ROLLNAME>
     <ADMINFIELD>0</ADMINFIELD>
     <NOTNULL>X</NOTNULL>
     <COMPTYPE>E</COMPTYPE>
    </DD03P>
    <DD03P>
     <TABNAME>ZUPLOAD_SB</TABNAME>
     <FIELDNAME>SAP_NO</FIELDNAME>
     <POSITION>0002</POSITION>
     <KEYFLAG>X</KEYFLAG>
     <ROLLNAME>ZSAPNO_SB</ROLLNAME>
     <ADMINFIELD>0</ADMINFIELD>
     <NOTNULL>X</NOTNULL>
     <VALEXI>X</VALEXI>
     <SHLPORIGIN>F</SHLPORIGIN>
     <COMPTYPE>E</COMPTYPE>
    </DD03P>
    <DD03P>
     <TABNAME>ZUPLOAD_SB</TABNAME>
     <FIELDNAME>START_DATE</FIELDNAME>
     <POSITION>0003</POSITION>
     <ROLLNAME>ZDATESB</ROLLNAME>
     <ADMINFIELD>0</ADMINFIELD>
     <SHLPORIGIN>T</SHLPORIGIN>
     <COMPTYPE>E</COMPTYPE>
    </DD03P>
    <DD03P>
     <TABNAME>ZUPLOAD_SB</TABNAME>
     <FIELDNAME>NAME</FIELDNAME>
     <POSITION>0004</POSITION>
     <ROLLNAME>ZNAME_SB</ROLLNAME>
     <ADMINFIELD>0</ADMINFIELD>
     <COMPTYPE>E</COMPTYPE>
    </DD03P>
    <DD03P>
     <TABNAME>ZUPLOAD_SB</TABNAME>
     <FIELDNAME>TEAM</FIELDNAME>
     <POSITION>0005</POSITION>
     <ROLLNAME>ZTEAM_SB</ROLLNAME>
     <ADMINFIELD>0</ADMINFIELD>
     <COMPTYPE>E</COMPTYPE>
    </DD03P>
    <DD03P>
     <TABNAME>ZUPLOAD_SB</TABNAME>
     <FIELDNAME>DIRECT_MANAGER</FIELDNAME>
     <POSITION>0006</POSITION>
     <ROLLNAME>ZDIRECT_MANAGER_SB</ROLLNAME>
     <ADMINFIELD>0</ADMINFIELD>
     <COMPTYPE>E</COMPTYPE>
    </DD03P>
    <DD03P>
     <TABNAME>ZUPLOAD_SB</TABNAME>
     <FIELDNAME>ACCESS_CARD</FIELDNAME>
     <POSITION>0007</POSITION>
     <ROLLNAME>ZCARD_SB</ROLLNAME>
     <ADMINFIELD>0</ADMINFIELD>
     <VALEXI>X</VALEXI>
     <SHLPORIGIN>F</SHLPORIGIN>
     <COMPTYPE>E</COMPTYPE>
    </DD03P>
    <DD03P>
     <TABNAME>ZUPLOAD_SB</TABNAME>
     <FIELDNAME>COMPUTER_NO</FIELDNAME>
     <POSITION>0008</POSITION>
     <ROLLNAME>ZCOMPUTER_NO_SB</ROLLNAME>
     <ADMINFIELD>0</ADMINFIELD>
     <COMPTYPE>E</COMPTYPE>
    </DD03P>
    <DD03P>
     <TABNAME>ZUPLOAD_SB</TABNAME>
     <FIELDNAME>MONITOR_1_NO</FIELDNAME>
     <POSITION>0009</POSITION>
     <ROLLNAME>ZMONITOR_1_NO_SB</ROLLNAME>
     <ADMINFIELD>0</ADMINFIELD>
     <COMPTYPE>E</COMPTYPE>
    </DD03P>
    <DD03P>
     <TABNAME>ZUPLOAD_SB</TABNAME>
     <FIELDNAME>MONITOR_2_NO</FIELDNAME>
     <POSITION>0010</POSITION>
     <ROLLNAME>ZMONITOR_2_NO_SB</ROLLNAME>
     <ADMINFIELD>0</ADMINFIELD>
     <COMPTYPE>E</COMPTYPE>
    </DD03P>
    <DD03P>
     <TABNAME>ZUPLOAD_SB</TABNAME>
     <FIELDNAME>DOC_STATION_NO</FIELDNAME>
     <POSITION>0011</POSITION>
     <ROLLNAME>ZDOC_STATION_NO_SB</ROLLNAME>
     <ADMINFIELD>0</ADMINFIELD>
     <COMPTYPE>E</COMPTYPE>
    </DD03P>
    <DD03P>
     <TABNAME>ZUPLOAD_SB</TABNAME>
     <FIELDNAME>KEYBOARD</FIELDNAME>
     <POSITION>0012</POSITION>
     <ROLLNAME>ZKEYBOARD_SB</ROLLNAME>
     <ADMINFIELD>0</ADMINFIELD>
     <VALEXI>X</VALEXI>
     <SHLPORIGIN>F</SHLPORIGIN>
     <COMPTYPE>E</COMPTYPE>
    </DD03P>
    <DD03P>
     <TABNAME>ZUPLOAD_SB</TABNAME>
     <FIELDNAME>BAG</FIELDNAME>
     <POSITION>0013</POSITION>
     <ROLLNAME>ZBAG_SB</ROLLNAME>
     <ADMINFIELD>0</ADMINFIELD>
     <VALEXI>X</VALEXI>
     <SHLPORIGIN>F</SHLPORIGIN>
     <COMPTYPE>E</COMPTYPE>
    </DD03P>
    <DD03P>
     <TABNAME>ZUPLOAD_SB</TABNAME>
     <FIELDNAME>HEADPHONES</FIELDNAME>
     <POSITION>0014</POSITION>
     <ROLLNAME>ZHEADPHONES_SB</ROLLNAME>
     <ADMINFIELD>0</ADMINFIELD>
     <VALEXI>X</VALEXI>
     <SHLPORIGIN>F</SHLPORIGIN>
     <COMPTYPE>E</COMPTYPE>
    </DD03P>
   </DD03P_TABLE>
  </asx:values>
 </asx:abap>
</abapGit>
