﻿<?xml version="1.0" encoding="utf-8"?>
<abapGit version="v1.0.0" serializer="LCL_OBJECT_SICF" serializer_version="v1.0.0">
 <asx:abap xmlns:asx="http://www.sap.com/abapxml" version="1.0">
  <asx:values>
   <URL>/sap/opu/odata/sap/D78700000000091/</URL>
   <ICFSERVICE>
    <ICF_NAME>D78700000000091</ICF_NAME>
    <ORIG_NAME>D78700000000091</ORIG_NAME>
    <ICFALTNME>ZSAPFLIGHTS_SB_SRV</ICFALTNME>
   </ICFSERVICE>
   <ICFDOCU>
    <ICF_NAME>D78700000000091</ICF_NAME>
    <ICF_LANGU>E</ICF_LANGU>
    <ICF_DOCU>ZSAPFLIGHTS_SB_SRV</ICF_DOCU>
   </ICFDOCU>
   <ICFHANDLER_TABLE>
    <ICFHANDLER>
     <ICF_NAME>D78700000000091</ICF_NAME>
     <ICFORDER>01</ICFORDER>
     <ICFTYP>A</ICFTYP>
     <ICFHANDLER>/IWFND/CL_SODATA_HTTP_HANDLER</ICFHANDLER>
    </ICFHANDLER>
   </ICFHANDLER_TABLE>
  </asx:values>
 </asx:abap>
</abapGit>
