﻿<?xml version="1.0" encoding="utf-8"?>
<abapGit version="v1.0.0" serializer="LCL_OBJECT_FUGR" serializer_version="v1.0.0">
 <asx:abap xmlns:asx="http://www.sap.com/abapxml" version="1.0">
  <asx:values>
   <AREAT>web services, soap</AREAT>
   <INCLUDES>
    <SOBJ_NAME>LZFG_WEB_SBTOP</SOBJ_NAME>
    <SOBJ_NAME>SAPLZFG_WEB_SB</SOBJ_NAME>
   </INCLUDES>
   <FUNCTIONS>
    <item>
     <FUNCNAME>ZFM_GET_MARA_SB</FUNCNAME>
     <REMOTE_CALL>R</REMOTE_CALL>
     <SHORT_TEXT>the contents of MARA</SHORT_TEXT>
     <EXPORT>
      <RSEXP>
       <PARAMETER>E_MARA_TABLE</PARAMETER>
       <TYP>MARA_TT</TYP>
      </RSEXP>
     </EXPORT>
     <DOCUMENTATION>
      <RSFDO>
       <PARAMETER>E_MARA_TABLE</PARAMETER>
       <KIND>P</KIND>
       <STEXT>Table Type for General Material Data</STEXT>
      </RSFDO>
     </DOCUMENTATION>
    </item>
   </FUNCTIONS>
  </asx:values>
 </asx:abap>
</abapGit>
