﻿<?xml version="1.0" encoding="utf-8"?>
<abapGit version="v1.0.0" serializer="LCL_OBJECT_SFPI" serializer_version="v1.0.0">
 <asx:abap version="1.0" xmlns:asx="http://www.sap.com/abapxml">
  <asx:values>
   <VERSION>1</VERSION>
   <TYPE/>
   <INTERFACE href="#o1"/>
   <INTERFACET>
    <FPINTERFACET>
     <NAME/>
     <STATE/>
     <LANGUAGE>E</LANGUAGE>
     <ID/>
     <TEXT>adobe form for business partner</TEXT>
    </FPINTERFACET>
   </INTERFACET>
  </asx:values>
  <asx:heap xmlns:xsd="http://www.w3.org/2001/XMLSchema" xmlns:abap="http://www.sap.com/abapxml/types/built-in" xmlns:cls="http://www.sap.com/abapxml/classes/global" xmlns:dic="http://www.sap.com/abapxml/types/dictionary">
   <cls:CL_FP_INTERFACE_DATA id="o1">
    <CL_FP_INTERFACE_DATA classVersion="1">
     <CODING href="#o5"/>
     <PARAMETERS href="#o4"/>
     <GLOBAL_DEFINITIONS href="#o3"/>
     <REFERENCE_FIELDS href="#o2"/>
     <XSD_DEFINITIONS/>
    </CL_FP_INTERFACE_DATA>
   </cls:CL_FP_INTERFACE_DATA>
   <cls:CL_FP_REFERENCE_FIELDS id="o2">
    <CL_FP_INTERFACE_DATA_CHANGED classVersion="1">
     <INTERFACE_DATA href="#o1"/>
    </CL_FP_INTERFACE_DATA_CHANGED>
    <CL_FP_REFERENCE_FIELDS classVersion="1">
     <REFERENCE_FIELDS/>
    </CL_FP_REFERENCE_FIELDS>
   </cls:CL_FP_REFERENCE_FIELDS>
   <cls:CL_FP_GLOBAL_DEFINITIONS id="o3">
    <CL_FP_INTERFACE_DATA_CHANGED classVersion="1">
     <INTERFACE_DATA href="#o1"/>
    </CL_FP_INTERFACE_DATA_CHANGED>
    <CL_FP_GLOBAL_DEFINITIONS classVersion="1">
     <GLOBAL_DATA>
      <SFPGDATA>
       <NAME>PARTNER_DETAILS</NAME>
       <TYPING>TYPE</TYPING>
       <TYPENAME>BUT000</TYPENAME>
       <DEFAULTVAL/>
       <CONSTANT/>
      </SFPGDATA>
      <SFPGDATA>
       <NAME>ORDERS_TAB</NAME>
       <TYPING>TYPE</TYPING>
       <TYPENAME>TT_VBAK</TYPENAME>
       <DEFAULTVAL/>
       <CONSTANT/>
      </SFPGDATA>
      <SFPGDATA>
       <NAME>ORDER</NAME>
       <TYPING>TYPE</TYPING>
       <TYPENAME>VBAK</TYPENAME>
       <DEFAULTVAL/>
       <CONSTANT/>
      </SFPGDATA>
     </GLOBAL_DATA>
     <TYPES/>
     <FIELDSYMBOLS/>
    </CL_FP_GLOBAL_DEFINITIONS>
   </cls:CL_FP_GLOBAL_DEFINITIONS>
   <cls:CL_FP_PARAMETERS id="o4">
    <CL_FP_INTERFACE_DATA_CHANGED classVersion="1">
     <INTERFACE_DATA href="#o1"/>
    </CL_FP_INTERFACE_DATA_CHANGED>
    <CL_FP_PARAMETERS classVersion="1">
     <IMPORT_PARAMETERS>
      <SFPIOPAR>
       <NAME>I_PARTNER_NUMBER</NAME>
       <TYPING>TYPE</TYPING>
       <TYPENAME>BU_PARTNER</TYPENAME>
       <OPTIONAL/>
       <BYVALUE/>
       <DEFAULTVAL/>
       <STANDARD/>
       <CONSTANT/>
      </SFPIOPAR>
      <SFPIOPAR>
       <NAME>I_LASTNAME</NAME>
       <TYPING>TYPE</TYPING>
       <TYPENAME>BU_MCNAME2</TYPENAME>
       <OPTIONAL>X</OPTIONAL>
       <BYVALUE/>
       <DEFAULTVAL/>
       <STANDARD/>
       <CONSTANT/>
      </SFPIOPAR>
      <SFPIOPAR>
       <NAME>I_FIRSTNAME</NAME>
       <TYPING>TYPE</TYPING>
       <TYPENAME>BU_MCNAME1</TYPENAME>
       <OPTIONAL>X</OPTIONAL>
       <BYVALUE/>
       <DEFAULTVAL/>
       <STANDARD/>
       <CONSTANT/>
      </SFPIOPAR>
     </IMPORT_PARAMETERS>
     <EXPORT_PARAMETERS/>
     <TABLE_PARAMETERS/>
     <EXCEPTIONS>
      <SFPIOPAR>
       <NAME>MISSING_DATA</NAME>
       <TYPING/>
       <TYPENAME/>
       <OPTIONAL/>
       <BYVALUE/>
       <DEFAULTVAL/>
       <STANDARD/>
       <CONSTANT/>
      </SFPIOPAR>
     </EXCEPTIONS>
    </CL_FP_PARAMETERS>
   </cls:CL_FP_PARAMETERS>
   <cls:CL_FP_CODING id="o5">
    <CL_FP_INTERFACE_DATA_CHANGED classVersion="1">
     <INTERFACE_DATA href="#o1"/>
    </CL_FP_INTERFACE_DATA_CHANGED>
    <CL_FP_CODING classVersion="1">
     <INPUT_PARAMETERS>
      <FPPARAMETER>PARTNER_DETAILS</FPPARAMETER>
      <FPPARAMETER>I_PARTNER_NUMBER</FPPARAMETER>
      <FPPARAMETER>I_LASTNAME</FPPARAMETER>
      <FPPARAMETER>I_FIRSTNAME</FPPARAMETER>
      <FPPARAMETER>ORDERS_TAB</FPPARAMETER>
     </INPUT_PARAMETERS>
     <OUTPUT_PARAMETERS>
      <FPPARAMETER>ORDERS_TAB</FPPARAMETER>
      <FPPARAMETER>PARTNER_DETAILS</FPPARAMETER>
     </OUTPUT_PARAMETERS>
     <INITIALIZATION>
      <FPCLINE>zcl_zsmartform1_handler_sb=&gt;prepare_form(</FPCLINE>
      <FPCLINE>  EXPORTING</FPCLINE>
      <FPCLINE>        i_lastname       = I_LASTNAME</FPCLINE>
      <FPCLINE>        i_firstname      = I_FIRSTNAME</FPCLINE>
      <FPCLINE>        i_partner_number = I_PARTNER_NUMBER</FPCLINE>
      <FPCLINE>      IMPORTING</FPCLINE>
      <FPCLINE>        e_subrc          = DATA(subrc)</FPCLINE>
      <FPCLINE>        e_partner_details = PARTNER_DETAILS</FPCLINE>
      <FPCLINE>        e_orders_tab = orders_tab</FPCLINE>
      <FPCLINE>    ).</FPCLINE>
      <FPCLINE/>
      <FPCLINE>    IF subrc NE 0.</FPCLINE>
      <FPCLINE>      raise MISSING_DATA.</FPCLINE>
      <FPCLINE>    ENDIF.</FPCLINE>
     </INITIALIZATION>
     <FORMS/>
    </CL_FP_CODING>
   </cls:CL_FP_CODING>
  </asx:heap>
 </asx:abap>
</abapGit>
