﻿<?xml version="1.0" encoding="utf-8"?>
<abapGit version="v1.0.0" serializer="LCL_OBJECT_PROG" serializer_version="v1.0.0">
 <asx:abap xmlns:asx="http://www.sap.com/abapxml" version="1.0">
  <asx:values>
   <PROGDIR>
    <NAME>ZSF_DISPLAY_SB</NAME>
    <SUBC>1</SUBC>
    <RLOAD>E</RLOAD>
    <FIXPT>X</FIXPT>
    <UCCHECK>X</UCCHECK>
   </PROGDIR>
   <TPOOL>
    <item>
     <ID>I</ID>
     <KEY>001</KEY>
     <ENTRY>Fill the data</ENTRY>
     <LENGTH>23</LENGTH>
    </item>
    <item>
     <ID>R</ID>
     <ENTRY>ZSF_DISPLAY_SB</ENTRY>
     <LENGTH>14</LENGTH>
    </item>
    <item>
     <ID>S</ID>
     <KEY>P_ADB</KEY>
     <ENTRY>Adobe Form</ENTRY>
     <LENGTH>18</LENGTH>
    </item>
    <item>
     <ID>S</ID>
     <KEY>P_BPTR</KEY>
     <ENTRY>.</ENTRY>
     <LENGTH>31</LENGTH>
     <SPLIT>D</SPLIT>
    </item>
    <item>
     <ID>S</ID>
     <KEY>P_SMF</KEY>
     <ENTRY>Smart Form</ENTRY>
     <LENGTH>18</LENGTH>
    </item>
   </TPOOL>
  </asx:values>
 </asx:abap>
</abapGit>
