﻿<?xml version="1.0" encoding="utf-8"?>
<abapGit version="v1.0.0" serializer="LCL_OBJECT_DTEL" serializer_version="v1.0.0">
 <asx:abap xmlns:asx="http://www.sap.com/abapxml" version="1.0">
  <asx:values>
   <DD04V>
    <ROLLNAME>ZSBAKALAOV_ID</ROLLNAME>
    <DDLANGUAGE>E</DDLANGUAGE>
    <DOMNAME>CHAR4</DOMNAME>
    <HEADLEN>04</HEADLEN>
    <SCRLEN1>05</SCRLEN1>
    <SCRLEN2>18</SCRLEN2>
    <SCRLEN3>15</SCRLEN3>
    <DDTEXT>data element for simeon</DDTEXT>
    <REPTEXT>S_ID</REPTEXT>
    <SCRTEXT_S>S_ID</SCRTEXT_S>
    <SCRTEXT_M>S_ID</SCRTEXT_M>
    <SCRTEXT_L>S_ID</SCRTEXT_L>
    <DTELMASTER>E</DTELMASTER>
    <REFKIND>D</REFKIND>
   </DD04V>
  </asx:values>
 </asx:abap>
</abapGit>
