﻿<?xml version="1.0" encoding="utf-8"?>
<abapGit version="v1.0.0" serializer="LCL_OBJECT_TABL" serializer_version="v1.0.0">
 <asx:abap xmlns:asx="http://www.sap.com/abapxml" version="1.0">
  <asx:values>
   <DD02V>
    <TABNAME>ZSSUPPLIER</TABNAME>
    <DDLANGUAGE>E</DDLANGUAGE>
    <TABCLASS>TRANSP</TABCLASS>
    <CLIDEP>X</CLIDEP>
    <DDTEXT>SUPPLIER</DDTEXT>
    <MAINFLAG>X</MAINFLAG>
    <CONTFLAG>A</CONTFLAG>
   </DD02V>
   <DD09L>
    <TABNAME>ZSSUPPLIER</TABNAME>
    <AS4LOCAL>A</AS4LOCAL>
    <TABKAT>0</TABKAT>
    <TABART>APPL0</TABART>
    <BUFALLOW>N</BUFALLOW>
   </DD09L>
   <DD03P_TABLE>
    <DD03P>
     <TABNAME>ZSSUPPLIER</TABNAME>
     <FIELDNAME>MANDT</FIELDNAME>
     <POSITION>0001</POSITION>
     <KEYFLAG>X</KEYFLAG>
     <ROLLNAME>MANDT</ROLLNAME>
     <ADMINFIELD>0</ADMINFIELD>
     <NOTNULL>X</NOTNULL>
     <COMPTYPE>E</COMPTYPE>
    </DD03P>
    <DD03P>
     <TABNAME>ZSSUPPLIER</TABNAME>
     <FIELDNAME>SUPPLIERID</FIELDNAME>
     <POSITION>0002</POSITION>
     <KEYFLAG>X</KEYFLAG>
     <ROLLNAME>ZSUPPLIERID_S</ROLLNAME>
     <ADMINFIELD>0</ADMINFIELD>
     <NOTNULL>X</NOTNULL>
     <COMPTYPE>E</COMPTYPE>
    </DD03P>
    <DD03P>
     <TABNAME>ZSSUPPLIER</TABNAME>
     <FIELDNAME>COMAPANYNAME</FIELDNAME>
     <POSITION>0003</POSITION>
     <ROLLNAME>ZCOMAPANYNAME</ROLLNAME>
     <ADMINFIELD>0</ADMINFIELD>
     <COMPTYPE>E</COMPTYPE>
    </DD03P>
    <DD03P>
     <TABNAME>ZSSUPPLIER</TABNAME>
     <FIELDNAME>CONTACTNAME</FIELDNAME>
     <POSITION>0004</POSITION>
     <ROLLNAME>ZCONTACTNAME_S</ROLLNAME>
     <ADMINFIELD>0</ADMINFIELD>
     <COMPTYPE>E</COMPTYPE>
    </DD03P>
    <DD03P>
     <TABNAME>ZSSUPPLIER</TABNAME>
     <FIELDNAME>CONTACTITLE</FIELDNAME>
     <POSITION>0005</POSITION>
     <ROLLNAME>ZCONTACTITLE_S</ROLLNAME>
     <ADMINFIELD>0</ADMINFIELD>
     <COMPTYPE>E</COMPTYPE>
    </DD03P>
    <DD03P>
     <TABNAME>ZSSUPPLIER</TABNAME>
     <FIELDNAME>CITY</FIELDNAME>
     <POSITION>0006</POSITION>
     <ROLLNAME>ZCITY_S</ROLLNAME>
     <ADMINFIELD>0</ADMINFIELD>
     <COMPTYPE>E</COMPTYPE>
    </DD03P>
    <DD03P>
     <TABNAME>ZSSUPPLIER</TABNAME>
     <FIELDNAME>COUNTRY</FIELDNAME>
     <POSITION>0007</POSITION>
     <ROLLNAME>ZCOUNTRY_S</ROLLNAME>
     <ADMINFIELD>0</ADMINFIELD>
     <COMPTYPE>E</COMPTYPE>
    </DD03P>
    <DD03P>
     <TABNAME>ZSSUPPLIER</TABNAME>
     <FIELDNAME>PHONE</FIELDNAME>
     <POSITION>0008</POSITION>
     <ROLLNAME>ZPHONE_S</ROLLNAME>
     <ADMINFIELD>0</ADMINFIELD>
     <COMPTYPE>E</COMPTYPE>
    </DD03P>
    <DD03P>
     <TABNAME>ZSSUPPLIER</TABNAME>
     <FIELDNAME>FAX</FIELDNAME>
     <POSITION>0009</POSITION>
     <ROLLNAME>ZFAX_S</ROLLNAME>
     <ADMINFIELD>0</ADMINFIELD>
     <COMPTYPE>E</COMPTYPE>
    </DD03P>
   </DD03P_TABLE>
   <TABL_EXTRAS>
    <TDDAT>
     <TABNAME>ZSSUPPLIER</TABNAME>
     <CCLASS>&amp;NC&amp;</CCLASS>
    </TDDAT>
   </TABL_EXTRAS>
  </asx:values>
 </asx:abap>
</abapGit>
