﻿<?xml version="1.0" encoding="utf-8"?>
<abapGit version="v1.0.0" serializer="LCL_OBJECT_FUGR" serializer_version="v1.0.0">
 <asx:abap xmlns:asx="http://www.sap.com/abapxml" version="1.0">
  <asx:values>
   <AREAT>Function module to select data</AREAT>
   <INCLUDES>
    <SOBJ_NAME>LZTASK6_SB_FUNCTOP</SOBJ_NAME>
    <SOBJ_NAME>SAPLZTASK6_SB_FUNC</SOBJ_NAME>
   </INCLUDES>
   <FUNCTIONS>
    <item>
     <FUNCNAME>ZFM_SIMEON_B</FUNCNAME>
     <SHORT_TEXT>func for task 6</SHORT_TEXT>
     <IMPORT>
      <RSIMP>
       <PARAMETER>I_F_DATE</PARAMETER>
       <OPTIONAL>X</OPTIONAL>
       <REFERENCE>X</REFERENCE>
       <TYP>RSIS_T_RANGE</TYP>
      </RSIMP>
      <RSIMP>
       <PARAMETER>I_PRICE</PARAMETER>
       <OPTIONAL>X</OPTIONAL>
       <REFERENCE>X</REFERENCE>
       <TYP>RSIS_T_RANGE</TYP>
      </RSIMP>
      <RSIMP>
       <PARAMETER>I_CURR</PARAMETER>
       <OPTIONAL>X</OPTIONAL>
       <REFERENCE>X</REFERENCE>
       <TYP>RSIS_T_RANGE</TYP>
      </RSIMP>
     </IMPORT>
     <EXPORT>
      <RSEXP>
       <PARAMETER>SFLIGHT_TAB</PARAMETER>
       <REFERENCE>X</REFERENCE>
       <TYP>ZSIMEON_TT</TYP>
      </RSEXP>
     </EXPORT>
     <DOCUMENTATION>
      <RSFDO>
       <PARAMETER>I_F_DATE</PARAMETER>
       <KIND>P</KIND>
       <STEXT>Generic Range Table</STEXT>
      </RSFDO>
      <RSFDO>
       <PARAMETER>I_PRICE</PARAMETER>
       <KIND>P</KIND>
       <STEXT>Generic Range Table</STEXT>
      </RSFDO>
      <RSFDO>
       <PARAMETER>I_CURR</PARAMETER>
       <KIND>P</KIND>
       <STEXT>Generic Range Table</STEXT>
      </RSFDO>
      <RSFDO>
       <PARAMETER>SFLIGHT_TAB</PARAMETER>
       <KIND>P</KIND>
       <STEXT>table type for sflight</STEXT>
      </RSFDO>
     </DOCUMENTATION>
    </item>
    <item>
     <FUNCNAME>ZFM_SIMEON_ERROR</FUNCNAME>
     <SHORT_TEXT>error for task 6</SHORT_TEXT>
     <IMPORT>
      <RSIMP>
       <PARAMETER>ERROR_MESSAGE</PARAMETER>
       <OPTIONAL>X</OPTIONAL>
       <REFERENCE>X</REFERENCE>
       <TYP>STRING</TYP>
      </RSIMP>
     </IMPORT>
     <EXPORT>
      <RSEXP>
       <PARAMETER>E_MESSAGE</PARAMETER>
       <REFERENCE>X</REFERENCE>
       <TYP>STRING</TYP>
      </RSEXP>
     </EXPORT>
     <DOCUMENTATION>
      <RSFDO>
       <PARAMETER>ERROR_MESSAGE</PARAMETER>
       <KIND>P</KIND>
      </RSFDO>
      <RSFDO>
       <PARAMETER>E_MESSAGE</PARAMETER>
       <KIND>P</KIND>
      </RSFDO>
     </DOCUMENTATION>
    </item>
   </FUNCTIONS>
  </asx:values>
 </asx:abap>
</abapGit>
