﻿<?xml version="1.0" encoding="utf-8"?>
<abapGit version="v1.0.0" serializer="LCL_OBJECT_IWPR" serializer_version="v1.0.0">
 <asx:abap xmlns:asx="http://www.sap.com/abapxml" version="1.0">
  <asx:values>
   <_-IWBEP_-I_SBD_AT>
    <_-IWBEP_-I_SBD_AT>
     <PROJECT>ZUSERDATA</PROJECT>
     <NODE_UUID>AFBWiRncHuuO2OCjUjym7w==</NODE_UUID>
     <NODE_UUID_PA>AFBWiRncHuuO2NrfaY+m7Q==</NODE_UUID_PA>
     <PLUGIN_PA>/IWBEP/CORE</PLUGIN_PA>
     <NODE_TYPE_PA>PROJ</NODE_TYPE_PA>
     <NAME>GENERATED_METHODS_RDS</NAME>
     <TYPE>V2_RDS</TYPE>
     <MIME_TYPE>XML</MIME_TYPE>
     <VALUE>PD94bWwgdmVyc2lvbj0iMS4wIiBlbmNvZGluZz0idXRmLTgiPz48YXN4OmFiYXAgdmVyc2lvbj0i
MS4wIiB4bWxuczphc3g9Imh0dHA6Ly93d3cuc2FwLmNvbS9hYmFweG1sIj48YXN4OnZhbHVlcz48
R0VOLz48L2FzeDp2YWx1ZXM+PC9hc3g6YWJhcD4=</VALUE>
    </_-IWBEP_-I_SBD_AT>
   </_-IWBEP_-I_SBD_AT>
   <_-IWBEP_-I_SBD_DS>
    <_-IWBEP_-I_SBD_DS>
     <PROJECT>ZUSERDATA</PROJECT>
     <NODE_UUID>AFBWiRncHuuO2NwWEzGG7Q==</NODE_UUID>
     <PARENT_UUID>AFBWiRncHuuO2NrfaY/m7Q==</PARENT_UUID>
     <NAME>ZUSEDATA_SB</NAME>
     <DS_TYPE>5</DS_TYPE>
    </_-IWBEP_-I_SBD_DS>
   </_-IWBEP_-I_SBD_DS>
   <_-IWBEP_-I_SBD_DST>
    <_-IWBEP_-I_SBD_DST>
     <SYLANGU>E</SYLANGU>
     <PROJECT>ZUSERDATA</PROJECT>
     <NODE_UUID>AFBWiRncHuuO2NwWEzGG7Q==</NODE_UUID>
    </_-IWBEP_-I_SBD_DST>
   </_-IWBEP_-I_SBD_DST>
   <_-IWBEP_-I_SBD_GA>
    <_-IWBEP_-I_SBD_GA>
     <PROJECT>ZUSERDATA</PROJECT>
     <NODE_UUID>AFBWiRncHuuO2OCjUjzG7w==</NODE_UUID>
     <CREATION_USER_ID>SBAKALAOV</CREATION_USER_ID>
     <CREATION_TIME>20201210090640.087067</CREATION_TIME>
     <LAST_CHG_USER_ID>SBAKALAOV</LAST_CHG_USER_ID>
     <LAST_CHG_TIME>20201210092304.866881</LAST_CHG_TIME>
     <NAME>ZCL_ZUSERDATA_01_MPC</NAME>
     <PGMID>R3TR</PGMID>
     <TROBJ_TYPE>CLAS</TROBJ_TYPE>
     <TROBJ_NAME>ZCL_ZUSERDATA_01_MPC</TROBJ_NAME>
     <GEN_ART_TYPE>MPCB</GEN_ART_TYPE>
    </_-IWBEP_-I_SBD_GA>
    <_-IWBEP_-I_SBD_GA>
     <PROJECT>ZUSERDATA</PROJECT>
     <NODE_UUID>AFBWiRncHuuO2OCjUjzm7w==</NODE_UUID>
     <CREATION_USER_ID>SBAKALAOV</CREATION_USER_ID>
     <CREATION_TIME>20201210090640.087074</CREATION_TIME>
     <LAST_CHG_USER_ID>SBAKALAOV</LAST_CHG_USER_ID>
     <LAST_CHG_TIME>20201210092304.866889</LAST_CHG_TIME>
     <NAME>ZCL_ZUSERDATA_01_MPC_EXT</NAME>
     <PGMID>R3TR</PGMID>
     <TROBJ_TYPE>CLAS</TROBJ_TYPE>
     <TROBJ_NAME>ZCL_ZUSERDATA_01_MPC_EXT</TROBJ_NAME>
     <GEN_ART_TYPE>MPCS</GEN_ART_TYPE>
    </_-IWBEP_-I_SBD_GA>
    <_-IWBEP_-I_SBD_GA>
     <PROJECT>ZUSERDATA</PROJECT>
     <NODE_UUID>AFBWiRncHuuO2OCjUj0G7w==</NODE_UUID>
     <CREATION_USER_ID>SBAKALAOV</CREATION_USER_ID>
     <CREATION_TIME>20201210090642.361378</CREATION_TIME>
     <NAME>ZCL_ZUSERDATA_01_DPC</NAME>
     <PGMID>R3TR</PGMID>
     <TROBJ_TYPE>CLAS</TROBJ_TYPE>
     <TROBJ_NAME>ZCL_ZUSERDATA_01_DPC</TROBJ_NAME>
     <GEN_ART_TYPE>DPCB</GEN_ART_TYPE>
    </_-IWBEP_-I_SBD_GA>
    <_-IWBEP_-I_SBD_GA>
     <PROJECT>ZUSERDATA</PROJECT>
     <NODE_UUID>AFBWiRncHuuO2OCjUj0m7w==</NODE_UUID>
     <CREATION_USER_ID>SBAKALAOV</CREATION_USER_ID>
     <CREATION_TIME>20201210090643.383564</CREATION_TIME>
     <NAME>ZCL_ZUSERDATA_01_DPC_EXT</NAME>
     <PGMID>R3TR</PGMID>
     <TROBJ_TYPE>CLAS</TROBJ_TYPE>
     <TROBJ_NAME>ZCL_ZUSERDATA_01_DPC_EXT</TROBJ_NAME>
     <GEN_ART_TYPE>DPCS</GEN_ART_TYPE>
    </_-IWBEP_-I_SBD_GA>
    <_-IWBEP_-I_SBD_GA>
     <PROJECT>ZUSERDATA</PROJECT>
     <NODE_UUID>AFBWiRncHuuO2OCjUj1G7w==</NODE_UUID>
     <CREATION_USER_ID>SBAKALAOV</CREATION_USER_ID>
     <CREATION_TIME>20201210090643.709062</CREATION_TIME>
     <NAME>ZUSERDATA_MDL_01</NAME>
     <PGMID>R3TR</PGMID>
     <TROBJ_TYPE>IWMO</TROBJ_TYPE>
     <TROBJ_NAME>ZUSERDATA_MDL_01</TROBJ_NAME>
     <GEN_ART_TYPE>MDL</GEN_ART_TYPE>
    </_-IWBEP_-I_SBD_GA>
    <_-IWBEP_-I_SBD_GA>
     <PROJECT>ZUSERDATA</PROJECT>
     <NODE_UUID>AFBWiRncHuuO2OCjUj1m7w==</NODE_UUID>
     <CREATION_USER_ID>SBAKALAOV</CREATION_USER_ID>
     <CREATION_TIME>20201210090643.709068</CREATION_TIME>
     <NAME>ZUSERDATA_SRV_01</NAME>
     <PGMID>R3TR</PGMID>
     <TROBJ_TYPE>IWSV</TROBJ_TYPE>
     <TROBJ_NAME>ZUSERDATA_SRV_01</TROBJ_NAME>
     <GEN_ART_TYPE>SRV</GEN_ART_TYPE>
    </_-IWBEP_-I_SBD_GA>
   </_-IWBEP_-I_SBD_GA>
   <_-IWBEP_-I_SBD_GAT>
    <_-IWBEP_-I_SBD_GAT>
     <SYLANGU>E</SYLANGU>
     <PROJECT>ZUSERDATA</PROJECT>
     <NODE_UUID>AFBWiRncHuuO2OCjUjzG7w==</NODE_UUID>
    </_-IWBEP_-I_SBD_GAT>
    <_-IWBEP_-I_SBD_GAT>
     <SYLANGU>E</SYLANGU>
     <PROJECT>ZUSERDATA</PROJECT>
     <NODE_UUID>AFBWiRncHuuO2OCjUjzm7w==</NODE_UUID>
    </_-IWBEP_-I_SBD_GAT>
    <_-IWBEP_-I_SBD_GAT>
     <SYLANGU>E</SYLANGU>
     <PROJECT>ZUSERDATA</PROJECT>
     <NODE_UUID>AFBWiRncHuuO2OCjUj0G7w==</NODE_UUID>
    </_-IWBEP_-I_SBD_GAT>
    <_-IWBEP_-I_SBD_GAT>
     <SYLANGU>E</SYLANGU>
     <PROJECT>ZUSERDATA</PROJECT>
     <NODE_UUID>AFBWiRncHuuO2OCjUj0m7w==</NODE_UUID>
    </_-IWBEP_-I_SBD_GAT>
    <_-IWBEP_-I_SBD_GAT>
     <SYLANGU>E</SYLANGU>
     <PROJECT>ZUSERDATA</PROJECT>
     <NODE_UUID>AFBWiRncHuuO2OCjUj1G7w==</NODE_UUID>
    </_-IWBEP_-I_SBD_GAT>
    <_-IWBEP_-I_SBD_GAT>
     <SYLANGU>E</SYLANGU>
     <PROJECT>ZUSERDATA</PROJECT>
     <NODE_UUID>AFBWiRncHuuO2OCjUj1m7w==</NODE_UUID>
    </_-IWBEP_-I_SBD_GAT>
   </_-IWBEP_-I_SBD_GAT>
   <_-IWBEP_-I_SBD_MD>
    <_-IWBEP_-I_SBD_MD>
     <PROJECT>ZUSERDATA</PROJECT>
     <NODE_UUID>AFBWiRncHuuO2NrfaY/G7Q==</NODE_UUID>
     <NODE_UUID_PA>AFBWiRncHuuO2NrfaY+m7Q==</NODE_UUID_PA>
     <PLUGIN_PA>/IWBEP/CORE</PLUGIN_PA>
     <NODE_TYPE_PA>PROJ</NODE_TYPE_PA>
     <TECHNICAL_NAME>ZUSERDATA_MDL_01</TECHNICAL_NAME>
     <VERSION>0001</VERSION>
     <MPC>ZCL_ZUSERDATA_01_MPC_EXT</MPC>
     <STATE_NS>S</STATE_NS>
     <VALUE_NS>ZUSERDATA_SRV_01</VALUE_NS>
    </_-IWBEP_-I_SBD_MD>
   </_-IWBEP_-I_SBD_MD>
   <_-IWBEP_-I_SBD_MDT>
    <_-IWBEP_-I_SBD_MDT>
     <SYLANGU>E</SYLANGU>
     <PROJECT>ZUSERDATA</PROJECT>
     <NODE_UUID>AFBWiRncHuuO2NrfaY/G7Q==</NODE_UUID>
    </_-IWBEP_-I_SBD_MDT>
   </_-IWBEP_-I_SBD_MDT>
   <_-IWBEP_-I_SBD_NOI>
    <_-IWBEP_-I_SBD_NOI>
     <PROJECT>ZUSERDATA</PROJECT>
     <NODE_UUID>AFBWiRncHuuO2NrfaY+m7Q==</NODE_UUID>
    </_-IWBEP_-I_SBD_NOI>
    <_-IWBEP_-I_SBD_NOI>
     <PROJECT>ZUSERDATA</PROJECT>
     <NODE_UUID>AFBWiRncHuuO2NrfaY/G7Q==</NODE_UUID>
    </_-IWBEP_-I_SBD_NOI>
    <_-IWBEP_-I_SBD_NOI>
     <PROJECT>ZUSERDATA</PROJECT>
     <NODE_UUID>AFBWiRncHuuO2NrfaY/m7Q==</NODE_UUID>
    </_-IWBEP_-I_SBD_NOI>
    <_-IWBEP_-I_SBD_NOI>
     <PROJECT>ZUSERDATA</PROJECT>
     <NODE_UUID>AFBWiRncHuuO2NwWEzGG7Q==</NODE_UUID>
    </_-IWBEP_-I_SBD_NOI>
    <_-IWBEP_-I_SBD_NOI>
     <PROJECT>ZUSERDATA</PROJECT>
     <NODE_UUID>AFBWiRncHuuO2NzCkdzm7w==</NODE_UUID>
     <TYPE>DASO</TYPE>
     <NAME>0050568919DC1EEB8ED8DC16133186EDZUSEDATA_SB</NAME>
    </_-IWBEP_-I_SBD_NOI>
    <_-IWBEP_-I_SBD_NOI>
     <PROJECT>ZUSERDATA</PROJECT>
     <NODE_UUID>AFBWiRncHuuO2NzCkd0G7w==</NODE_UUID>
     <TYPE>DASO</TYPE>
     <NAME>0050568919DC1EEB8ED8DC16133186EDZUSEDATA_SB\ID</NAME>
    </_-IWBEP_-I_SBD_NOI>
    <_-IWBEP_-I_SBD_NOI>
     <PROJECT>ZUSERDATA</PROJECT>
     <NODE_UUID>AFBWiRncHuuO2NzCkd0m7w==</NODE_UUID>
     <TYPE>DASO</TYPE>
     <NAME>0050568919DC1EEB8ED8DC16133186EDZUSEDATA_SB\NAME</NAME>
    </_-IWBEP_-I_SBD_NOI>
    <_-IWBEP_-I_SBD_NOI>
     <PROJECT>ZUSERDATA</PROJECT>
     <NODE_UUID>AFBWiRncHuuO2NzCkd1G7w==</NODE_UUID>
     <TYPE>DASO</TYPE>
     <NAME>0050568919DC1EEB8ED8DC16133186EDZUSEDATA_SB\EMAIL</NAME>
    </_-IWBEP_-I_SBD_NOI>
    <_-IWBEP_-I_SBD_NOI>
     <PROJECT>ZUSERDATA</PROJECT>
     <NODE_UUID>AFBWiRncHuuO2NzCkd1m7w==</NODE_UUID>
     <TYPE>DASO</TYPE>
     <NAME>0050568919DC1EEB8ED8DC16133186EDZUSEDATA_SB\MOBILE</NAME>
    </_-IWBEP_-I_SBD_NOI>
    <_-IWBEP_-I_SBD_NOI>
     <PROJECT>ZUSERDATA</PROJECT>
     <NODE_UUID>AFBWiRncHuuO2NzCkd2G7w==</NODE_UUID>
    </_-IWBEP_-I_SBD_NOI>
    <_-IWBEP_-I_SBD_NOI>
     <PROJECT>ZUSERDATA</PROJECT>
     <NODE_UUID>AFBWiRncHuuO2NzCkd2m7w==</NODE_UUID>
    </_-IWBEP_-I_SBD_NOI>
    <_-IWBEP_-I_SBD_NOI>
     <PROJECT>ZUSERDATA</PROJECT>
     <NODE_UUID>AFBWiRncHuuO2NzCkd3G7w==</NODE_UUID>
    </_-IWBEP_-I_SBD_NOI>
    <_-IWBEP_-I_SBD_NOI>
     <PROJECT>ZUSERDATA</PROJECT>
     <NODE_UUID>AFBWiRncHuuO2NzCkd3m7w==</NODE_UUID>
    </_-IWBEP_-I_SBD_NOI>
    <_-IWBEP_-I_SBD_NOI>
     <PROJECT>ZUSERDATA</PROJECT>
     <NODE_UUID>AFBWiRncHuuO2NzCkd4G7w==</NODE_UUID>
    </_-IWBEP_-I_SBD_NOI>
    <_-IWBEP_-I_SBD_NOI>
     <PROJECT>ZUSERDATA</PROJECT>
     <NODE_UUID>AFBWiRncHuuO2NzCkd4m7w==</NODE_UUID>
    </_-IWBEP_-I_SBD_NOI>
    <_-IWBEP_-I_SBD_NOI>
     <PROJECT>ZUSERDATA</PROJECT>
     <NODE_UUID>AFBWiRncHuuO2NzCkd5G7w==</NODE_UUID>
    </_-IWBEP_-I_SBD_NOI>
    <_-IWBEP_-I_SBD_NOI>
     <PROJECT>ZUSERDATA</PROJECT>
     <NODE_UUID>AFBWiRncHuuO2OCjUjym7w==</NODE_UUID>
    </_-IWBEP_-I_SBD_NOI>
    <_-IWBEP_-I_SBD_NOI>
     <PROJECT>ZUSERDATA</PROJECT>
     <NODE_UUID>AFBWiRncHuuO2OCjUjzG7w==</NODE_UUID>
    </_-IWBEP_-I_SBD_NOI>
    <_-IWBEP_-I_SBD_NOI>
     <PROJECT>ZUSERDATA</PROJECT>
     <NODE_UUID>AFBWiRncHuuO2OCjUjzm7w==</NODE_UUID>
    </_-IWBEP_-I_SBD_NOI>
    <_-IWBEP_-I_SBD_NOI>
     <PROJECT>ZUSERDATA</PROJECT>
     <NODE_UUID>AFBWiRncHuuO2OCjUj0G7w==</NODE_UUID>
    </_-IWBEP_-I_SBD_NOI>
    <_-IWBEP_-I_SBD_NOI>
     <PROJECT>ZUSERDATA</PROJECT>
     <NODE_UUID>AFBWiRncHuuO2OCjUj0m7w==</NODE_UUID>
    </_-IWBEP_-I_SBD_NOI>
    <_-IWBEP_-I_SBD_NOI>
     <PROJECT>ZUSERDATA</PROJECT>
     <NODE_UUID>AFBWiRncHuuO2OCjUj1G7w==</NODE_UUID>
    </_-IWBEP_-I_SBD_NOI>
    <_-IWBEP_-I_SBD_NOI>
     <PROJECT>ZUSERDATA</PROJECT>
     <NODE_UUID>AFBWiRncHuuO2OCjUj1m7w==</NODE_UUID>
    </_-IWBEP_-I_SBD_NOI>
   </_-IWBEP_-I_SBD_NOI>
   <_-IWBEP_-I_SBD_OP>
    <_-IWBEP_-I_SBD_OP>
     <PROJECT>ZUSERDATA</PROJECT>
     <NODE_UUID>AFBWiRncHuuO2NzCkd3G7w==</NODE_UUID>
     <PARENT_UUID>AFBWiRncHuuO2NzCkd2m7w==</PARENT_UUID>
     <NAME>Create</NAME>
     <OPERATION_TYPE>C</OPERATION_TYPE>
     <IMP_METHOD>USERDATASET_CREATE_ENTITY</IMP_METHOD>
    </_-IWBEP_-I_SBD_OP>
    <_-IWBEP_-I_SBD_OP>
     <PROJECT>ZUSERDATA</PROJECT>
     <NODE_UUID>AFBWiRncHuuO2NzCkd3m7w==</NODE_UUID>
     <PARENT_UUID>AFBWiRncHuuO2NzCkd2m7w==</PARENT_UUID>
     <NAME>GetEntity (Read)</NAME>
     <OPERATION_TYPE>R</OPERATION_TYPE>
     <IMP_METHOD>USERDATASET_GET_ENTITY</IMP_METHOD>
    </_-IWBEP_-I_SBD_OP>
    <_-IWBEP_-I_SBD_OP>
     <PROJECT>ZUSERDATA</PROJECT>
     <NODE_UUID>AFBWiRncHuuO2NzCkd4G7w==</NODE_UUID>
     <PARENT_UUID>AFBWiRncHuuO2NzCkd2m7w==</PARENT_UUID>
     <NAME>Update</NAME>
     <OPERATION_TYPE>U</OPERATION_TYPE>
     <IMP_METHOD>USERDATASET_UPDATE_ENTITY</IMP_METHOD>
    </_-IWBEP_-I_SBD_OP>
    <_-IWBEP_-I_SBD_OP>
     <PROJECT>ZUSERDATA</PROJECT>
     <NODE_UUID>AFBWiRncHuuO2NzCkd4m7w==</NODE_UUID>
     <PARENT_UUID>AFBWiRncHuuO2NzCkd2m7w==</PARENT_UUID>
     <NAME>Delete</NAME>
     <OPERATION_TYPE>D</OPERATION_TYPE>
     <IMP_METHOD>USERDATASET_DELETE_ENTITY</IMP_METHOD>
    </_-IWBEP_-I_SBD_OP>
    <_-IWBEP_-I_SBD_OP>
     <PROJECT>ZUSERDATA</PROJECT>
     <NODE_UUID>AFBWiRncHuuO2NzCkd5G7w==</NODE_UUID>
     <PARENT_UUID>AFBWiRncHuuO2NzCkd2m7w==</PARENT_UUID>
     <NAME>GetEntitySet (Query)</NAME>
     <OPERATION_TYPE>Q</OPERATION_TYPE>
     <IMP_METHOD>USERDATASET_GET_ENTITYSET</IMP_METHOD>
    </_-IWBEP_-I_SBD_OP>
   </_-IWBEP_-I_SBD_OP>
   <_-IWBEP_-I_SBD_OPT>
    <_-IWBEP_-I_SBD_OPT>
     <SYLANGU>E</SYLANGU>
     <PROJECT>ZUSERDATA</PROJECT>
     <NODE_UUID>AFBWiRncHuuO2NzCkd3G7w==</NODE_UUID>
    </_-IWBEP_-I_SBD_OPT>
    <_-IWBEP_-I_SBD_OPT>
     <SYLANGU>E</SYLANGU>
     <PROJECT>ZUSERDATA</PROJECT>
     <NODE_UUID>AFBWiRncHuuO2NzCkd3m7w==</NODE_UUID>
    </_-IWBEP_-I_SBD_OPT>
    <_-IWBEP_-I_SBD_OPT>
     <SYLANGU>E</SYLANGU>
     <PROJECT>ZUSERDATA</PROJECT>
     <NODE_UUID>AFBWiRncHuuO2NzCkd4G7w==</NODE_UUID>
    </_-IWBEP_-I_SBD_OPT>
    <_-IWBEP_-I_SBD_OPT>
     <SYLANGU>E</SYLANGU>
     <PROJECT>ZUSERDATA</PROJECT>
     <NODE_UUID>AFBWiRncHuuO2NzCkd4m7w==</NODE_UUID>
    </_-IWBEP_-I_SBD_OPT>
    <_-IWBEP_-I_SBD_OPT>
     <SYLANGU>E</SYLANGU>
     <PROJECT>ZUSERDATA</PROJECT>
     <NODE_UUID>AFBWiRncHuuO2NzCkd5G7w==</NODE_UUID>
    </_-IWBEP_-I_SBD_OPT>
   </_-IWBEP_-I_SBD_OPT>
   <_-IWBEP_-I_SBD_PR>
    <_-IWBEP_-I_SBD_PR>
     <PROJECT>ZUSERDATA</PROJECT>
     <NODE_UUID>AFBWiRncHuuO2NrfaY+m7Q==</NODE_UUID>
     <CREATION_USER_ID>SBAKALAOV</CREATION_USER_ID>
     <CREATION_TIME>20201210090525.917592</CREATION_TIME>
     <LAST_CHG_USER_ID>SBAKALAOV</LAST_CHG_USER_ID>
     <LAST_CHG_TIME>20201210092308.508922</LAST_CHG_TIME>
     <LAST_CHG_STATE>AFBWiRncHuuO2SoDC0sHbQ==</LAST_CHG_STATE>
     <PLUGIN>/IWBEP/GEN</PLUGIN>
     <STRAT_NAME>0001</STRAT_NAME>
     <STRAT_VERSION>0001</STRAT_VERSION>
     <PROJECT_TYPE>1</PROJECT_TYPE>
    </_-IWBEP_-I_SBD_PR>
   </_-IWBEP_-I_SBD_PR>
   <_-IWBEP_-I_SBD_PRT>
    <_-IWBEP_-I_SBD_PRT>
     <PROJECT>ZUSERDATA</PROJECT>
     <SYLANGU>E</SYLANGU>
     <DESCRIPTION>user data</DESCRIPTION>
    </_-IWBEP_-I_SBD_PRT>
   </_-IWBEP_-I_SBD_PRT>
   <_-IWBEP_-I_SBD_SE>
    <_-IWBEP_-I_SBD_SE>
     <PROJECT>ZUSERDATA</PROJECT>
     <NODE_UUID>AFBWiRncHuuO2NzCkd2m7w==</NODE_UUID>
     <PARENT_UUID>AFBWiRncHuuO2NrfaY/m7Q==</PARENT_UUID>
     <NAME>userdataSet</NAME>
     <ENTITY_SET_UUID>AFBWiRncHuuO2NzCkd2G7w==</ENTITY_SET_UUID>
    </_-IWBEP_-I_SBD_SE>
   </_-IWBEP_-I_SBD_SE>
   <_-IWBEP_-I_SBD_SET>
    <_-IWBEP_-I_SBD_SET>
     <SYLANGU>E</SYLANGU>
     <PROJECT>ZUSERDATA</PROJECT>
     <NODE_UUID>AFBWiRncHuuO2NzCkd2m7w==</NODE_UUID>
    </_-IWBEP_-I_SBD_SET>
   </_-IWBEP_-I_SBD_SET>
   <_-IWBEP_-I_SBD_SV>
    <_-IWBEP_-I_SBD_SV>
     <PROJECT>ZUSERDATA</PROJECT>
     <NODE_UUID>AFBWiRncHuuO2NrfaY/m7Q==</NODE_UUID>
     <TECHNICAL_NAME>ZUSERDATA_SRV_01</TECHNICAL_NAME>
     <VERSION>0001</VERSION>
     <DPC>ZCL_ZUSERDATA_01_DPC_EXT</DPC>
     <EXTERNAL_NAME>ZUSERDATA_SRV_01</EXTERNAL_NAME>
    </_-IWBEP_-I_SBD_SV>
   </_-IWBEP_-I_SBD_SV>
   <_-IWBEP_-I_SBD_SVT>
    <_-IWBEP_-I_SBD_SVT>
     <SYLANGU>E</SYLANGU>
     <PROJECT>ZUSERDATA</PROJECT>
     <NODE_UUID>AFBWiRncHuuO2NrfaY/m7Q==</NODE_UUID>
    </_-IWBEP_-I_SBD_SVT>
   </_-IWBEP_-I_SBD_SVT>
   <_-IWBEP_-I_SBO_ES>
    <_-IWBEP_-I_SBO_ES>
     <PROJECT>ZUSERDATA</PROJECT>
     <NODE_UUID>AFBWiRncHuuO2NzCkd2G7w==</NODE_UUID>
     <MODEL>AFBWiRncHuuO2NrfaY/G7Q==</MODEL>
     <NAME>userdataSet</NAME>
     <ENTITY_TYPE>AFBWiRncHuuO2NzCkdzm7w==</ENTITY_TYPE>
     <CREATABLE>X</CREATABLE>
     <UPDATABLE>X</UPDATABLE>
     <DELETABLE>X</DELETABLE>
     <PAGEABLE>X</PAGEABLE>
     <ADDRESSABLE>X</ADDRESSABLE>
     <REF_TYPE>T</REF_TYPE>
     <TECH_NAME>USERDATASET</TECH_NAME>
     <DESCRIPTION_XU>X</DESCRIPTION_XU>
     <IN_SERV_DOCU>X</IN_SERV_DOCU>
    </_-IWBEP_-I_SBO_ES>
   </_-IWBEP_-I_SBO_ES>
   <_-IWBEP_-I_SBO_EST>
    <_-IWBEP_-I_SBO_EST>
     <SYLANGU>E</SYLANGU>
     <PROJECT>ZUSERDATA</PROJECT>
     <NODE_UUID>AFBWiRncHuuO2NzCkd2G7w==</NODE_UUID>
    </_-IWBEP_-I_SBO_EST>
   </_-IWBEP_-I_SBO_EST>
   <_-IWBEP_-I_SBO_ET>
    <_-IWBEP_-I_SBO_ET>
     <PROJECT>ZUSERDATA</PROJECT>
     <NODE_UUID>AFBWiRncHuuO2NzCkdzm7w==</NODE_UUID>
     <NAME>userdata</NAME>
     <MODEL>AFBWiRncHuuO2NrfaY/G7Q==</MODEL>
     <REF_TYPE>T</REF_TYPE>
     <ABAP_STRUCT>ZUSEDATA_SB</ABAP_STRUCT>
     <TECH_NAME>USERDATA</TECH_NAME>
     <BASE_TYPE_XU>X</BASE_TYPE_XU>
     <FC_TARGET_PATHXU>X</FC_TARGET_PATHXU>
     <TXTR_XU>X</TXTR_XU>
     <DESCRIPTION_XU>X</DESCRIPTION_XU>
     <ET_LABEL_XU>X</ET_LABEL_XU>
    </_-IWBEP_-I_SBO_ET>
   </_-IWBEP_-I_SBO_ET>
   <_-IWBEP_-I_SBO_ETT>
    <_-IWBEP_-I_SBO_ETT>
     <SYLANGU>E</SYLANGU>
     <PROJECT>ZUSERDATA</PROJECT>
     <NODE_UUID>AFBWiRncHuuO2NzCkdzm7w==</NODE_UUID>
    </_-IWBEP_-I_SBO_ETT>
   </_-IWBEP_-I_SBO_ETT>
   <_-IWBEP_-I_SBO_PR>
    <_-IWBEP_-I_SBO_PR>
     <PROJECT>ZUSERDATA</PROJECT>
     <NODE_UUID>AFBWiRncHuuO2NzCkd0G7w==</NODE_UUID>
     <PARENT_UUID>AFBWiRncHuuO2NzCkdzm7w==</PARENT_UUID>
     <NAME>Id</NAME>
     <IS_KEY>X</IS_KEY>
     <MAX_LENGTH>10</MAX_LENGTH>
     <EDM_CORE_TYPE>Edm.String</EDM_CORE_TYPE>
     <REF_TYPE>T</REF_TYPE>
     <ABAP_FIELD>ID</ABAP_FIELD>
     <AS_ETAG_XU>X</AS_ETAG_XU>
     <REQUIREFILTER_XU>X</REQUIREFILTER_XU>
     <UNIT_PROP_XU>X</UNIT_PROP_XU>
     <ABTY_XU>X</ABTY_XU>
     <SORT_ORDER>1</SORT_ORDER>
     <DESCRIPTION_XU>X</DESCRIPTION_XU>
    </_-IWBEP_-I_SBO_PR>
    <_-IWBEP_-I_SBO_PR>
     <PROJECT>ZUSERDATA</PROJECT>
     <NODE_UUID>AFBWiRncHuuO2NzCkd0m7w==</NODE_UUID>
     <PARENT_UUID>AFBWiRncHuuO2NzCkdzm7w==</PARENT_UUID>
     <NAME>Name</NAME>
     <MAX_LENGTH>50</MAX_LENGTH>
     <EDM_CORE_TYPE>Edm.String</EDM_CORE_TYPE>
     <REF_TYPE>T</REF_TYPE>
     <ABAP_FIELD>NAME</ABAP_FIELD>
     <AS_ETAG_XU>X</AS_ETAG_XU>
     <REQUIREFILTER_XU>X</REQUIREFILTER_XU>
     <UNIT_PROP_XU>X</UNIT_PROP_XU>
     <ABTY_XU>X</ABTY_XU>
     <SORT_ORDER>2</SORT_ORDER>
     <DESCRIPTION_XU>X</DESCRIPTION_XU>
    </_-IWBEP_-I_SBO_PR>
    <_-IWBEP_-I_SBO_PR>
     <PROJECT>ZUSERDATA</PROJECT>
     <NODE_UUID>AFBWiRncHuuO2NzCkd1G7w==</NODE_UUID>
     <PARENT_UUID>AFBWiRncHuuO2NzCkdzm7w==</PARENT_UUID>
     <NAME>Email</NAME>
     <MAX_LENGTH>50</MAX_LENGTH>
     <EDM_CORE_TYPE>Edm.String</EDM_CORE_TYPE>
     <REF_TYPE>T</REF_TYPE>
     <ABAP_FIELD>EMAIL</ABAP_FIELD>
     <AS_ETAG_XU>X</AS_ETAG_XU>
     <REQUIREFILTER_XU>X</REQUIREFILTER_XU>
     <UNIT_PROP_XU>X</UNIT_PROP_XU>
     <ABTY_XU>X</ABTY_XU>
     <SORT_ORDER>3</SORT_ORDER>
     <DESCRIPTION_XU>X</DESCRIPTION_XU>
    </_-IWBEP_-I_SBO_PR>
    <_-IWBEP_-I_SBO_PR>
     <PROJECT>ZUSERDATA</PROJECT>
     <NODE_UUID>AFBWiRncHuuO2NzCkd1m7w==</NODE_UUID>
     <PARENT_UUID>AFBWiRncHuuO2NzCkdzm7w==</PARENT_UUID>
     <NAME>Mobile</NAME>
     <MAX_LENGTH>50</MAX_LENGTH>
     <EDM_CORE_TYPE>Edm.String</EDM_CORE_TYPE>
     <REF_TYPE>T</REF_TYPE>
     <ABAP_FIELD>MOBILE</ABAP_FIELD>
     <AS_ETAG_XU>X</AS_ETAG_XU>
     <REQUIREFILTER_XU>X</REQUIREFILTER_XU>
     <UNIT_PROP_XU>X</UNIT_PROP_XU>
     <ABTY_XU>X</ABTY_XU>
     <SORT_ORDER>4</SORT_ORDER>
     <DESCRIPTION_XU>X</DESCRIPTION_XU>
    </_-IWBEP_-I_SBO_PR>
   </_-IWBEP_-I_SBO_PR>
   <_-IWBEP_-I_SBO_PRT>
    <_-IWBEP_-I_SBO_PRT>
     <SYLANGU>E</SYLANGU>
     <PROJECT>ZUSERDATA</PROJECT>
     <NODE_UUID>AFBWiRncHuuO2NzCkd0G7w==</NODE_UUID>
     <PROP_LABEL>Character Field with Length 10</PROP_LABEL>
    </_-IWBEP_-I_SBO_PRT>
    <_-IWBEP_-I_SBO_PRT>
     <SYLANGU>E</SYLANGU>
     <PROJECT>ZUSERDATA</PROJECT>
     <NODE_UUID>AFBWiRncHuuO2NzCkd0m7w==</NODE_UUID>
     <PROP_LABEL>c</PROP_LABEL>
    </_-IWBEP_-I_SBO_PRT>
    <_-IWBEP_-I_SBO_PRT>
     <SYLANGU>E</SYLANGU>
     <PROJECT>ZUSERDATA</PROJECT>
     <NODE_UUID>AFBWiRncHuuO2NzCkd1G7w==</NODE_UUID>
     <PROP_LABEL>c</PROP_LABEL>
    </_-IWBEP_-I_SBO_PRT>
    <_-IWBEP_-I_SBO_PRT>
     <SYLANGU>E</SYLANGU>
     <PROJECT>ZUSERDATA</PROJECT>
     <NODE_UUID>AFBWiRncHuuO2NzCkd1m7w==</NODE_UUID>
     <PROP_LABEL>c</PROP_LABEL>
    </_-IWBEP_-I_SBO_PRT>
   </_-IWBEP_-I_SBO_PRT>
  </asx:values>
 </asx:abap>
</abapGit>
