﻿<?xml version="1.0" encoding="utf-8"?>
<abapGit version="v1.0.0" serializer="LCL_OBJECT_TABL" serializer_version="v1.0.0">
 <asx:abap xmlns:asx="http://www.sap.com/abapxml" version="1.0">
  <asx:values>
   <DD02V>
    <TABNAME>ZSIHOSPITALS_TP_D</TABNAME>
    <DDLANGUAGE>E</DDLANGUAGE>
    <TABCLASS>INTTAB</TABCLASS>
    <DDTEXT>#GENERATED#</DDTEXT>
    <EXCLASS>1</EXCLASS>
   </DD02V>
   <DD03P_TABLE>
    <DD03P>
     <TABNAME>ZSIHOSPITALS_TP_D</TABNAME>
     <FIELDNAME>NAME</FIELDNAME>
     <POSITION>0001</POSITION>
     <KEYFLAG>X</KEYFLAG>
     <ROLLNAME>CHAR10</ROLLNAME>
     <ADMINFIELD>0</ADMINFIELD>
     <COMPTYPE>E</COMPTYPE>
    </DD03P>
    <DD03P>
     <TABNAME>ZSIHOSPITALS_TP_D</TABNAME>
     <FIELDNAME>CITY</FIELDNAME>
     <POSITION>0002</POSITION>
     <ROLLNAME>CHAR20</ROLLNAME>
     <ADMINFIELD>0</ADMINFIELD>
     <COMPTYPE>E</COMPTYPE>
    </DD03P>
    <DD03P>
     <TABNAME>ZSIHOSPITALS_TP_D</TABNAME>
     <FIELDNAME>SPECIALITY</FIELDNAME>
     <POSITION>0003</POSITION>
     <ROLLNAME>CHAR50</ROLLNAME>
     <ADMINFIELD>0</ADMINFIELD>
     <COMPTYPE>E</COMPTYPE>
    </DD03P>
    <DD03P>
     <TABNAME>ZSIHOSPITALS_TP_D</TABNAME>
     <FIELDNAME>CAPACITY</FIELDNAME>
     <POSITION>0004</POSITION>
     <ROLLNAME>CHAR10</ROLLNAME>
     <ADMINFIELD>0</ADMINFIELD>
     <COMPTYPE>E</COMPTYPE>
    </DD03P>
   </DD03P_TABLE>
  </asx:values>
 </asx:abap>
</abapGit>
