﻿<?xml version="1.0" encoding="utf-8"?>
<abapGit version="v1.0.0" serializer="LCL_OBJECT_WAPA" serializer_version="v1.0.0">
 <asx:abap xmlns:asx="http://www.sap.com/abapxml" version="1.0">
  <asx:values>
   <ATTRIBUTES>
    <APPLNAME>ZCANER4</APPLNAME>
    <APPLCLAS>/UI5/CL_UI5_BSP_APPLICATION</APPLCLAS>
    <APPLEXT>ZCANER4</APPLEXT>
    <SECURITY>X</SECURITY>
    <ORIGLANG>E</ORIGLANG>
    <MODIFLANG>E</MODIFLANG>
    <TEXT>taskCaner</TEXT>
   </ATTRIBUTES>
   <PAGES>
    <item>
     <ATTRIBUTES>
      <APPLNAME>ZCANER4</APPLNAME>
      <PAGEKEY>COMPONENT.JS</PAGEKEY>
      <PAGENAME>Component.js</PAGENAME>
      <PAGETYPE>X</PAGETYPE>
      <LAYOUTLANGU>E</LAYOUTLANGU>
      <VERSION>A</VERSION>
      <LANGU>E</LANGU>
     </ATTRIBUTES>
    </item>
    <item>
     <ATTRIBUTES>
      <APPLNAME>ZCANER4</APPLNAME>
      <PAGEKEY>CONTROLLER/MAINVIEW.CONTROLLER.JS</PAGEKEY>
      <PAGENAME>controller/MainView.controller.js</PAGENAME>
      <PAGETYPE>X</PAGETYPE>
      <LAYOUTLANGU>E</LAYOUTLANGU>
      <VERSION>A</VERSION>
      <LANGU>E</LANGU>
     </ATTRIBUTES>
    </item>
    <item>
     <ATTRIBUTES>
      <APPLNAME>ZCANER4</APPLNAME>
      <PAGEKEY>CSS/STYLE.CSS</PAGEKEY>
      <PAGENAME>css/style.css</PAGENAME>
      <PAGETYPE>X</PAGETYPE>
      <LAYOUTLANGU>E</LAYOUTLANGU>
      <VERSION>A</VERSION>
      <LANGU>E</LANGU>
     </ATTRIBUTES>
    </item>
    <item>
     <ATTRIBUTES>
      <APPLNAME>ZCANER4</APPLNAME>
      <PAGEKEY>I18N/I18N.PROPERTIES</PAGEKEY>
      <PAGENAME>i18n/i18n.properties</PAGENAME>
      <PAGETYPE>X</PAGETYPE>
      <LAYOUTLANGU>E</LAYOUTLANGU>
      <VERSION>A</VERSION>
      <LANGU>E</LANGU>
     </ATTRIBUTES>
    </item>
    <item>
     <ATTRIBUTES>
      <APPLNAME>ZCANER4</APPLNAME>
      <PAGEKEY>INDEX.HTML</PAGEKEY>
      <PAGENAME>index.html</PAGENAME>
      <MIMETYPE>text/html</MIMETYPE>
      <IS_START_PAGE>X</IS_START_PAGE>
      <LAYOUTLANGU>E</LAYOUTLANGU>
      <VERSION>A</VERSION>
      <LANGU>E</LANGU>
     </ATTRIBUTES>
    </item>
    <item>
     <ATTRIBUTES>
      <APPLNAME>ZCANER4</APPLNAME>
      <PAGEKEY>LOCALSERVICE/METADATA.XML</PAGEKEY>
      <PAGENAME>localService/metadata.xml</PAGENAME>
      <PAGETYPE>X</PAGETYPE>
      <LAYOUTLANGU>E</LAYOUTLANGU>
      <VERSION>A</VERSION>
      <LANGU>E</LANGU>
     </ATTRIBUTES>
    </item>
    <item>
     <ATTRIBUTES>
      <APPLNAME>ZCANER4</APPLNAME>
      <PAGEKEY>LOCALSERVICE/ZSDDOCUMENT_ODATA_MV_SRV/METADATA.XML</PAGEKEY>
      <PAGENAME>localService/ZSDDOCUMENT_ODATA_MV_SRV/metadata.xml</PAGENAME>
      <PAGETYPE>X</PAGETYPE>
      <LAYOUTLANGU>E</LAYOUTLANGU>
      <VERSION>A</VERSION>
      <LANGU>E</LANGU>
     </ATTRIBUTES>
    </item>
    <item>
     <ATTRIBUTES>
      <APPLNAME>ZCANER4</APPLNAME>
      <PAGEKEY>MANIFEST.JSON</PAGEKEY>
      <PAGENAME>manifest.json</PAGENAME>
      <PAGETYPE>X</PAGETYPE>
      <LAYOUTLANGU>E</LAYOUTLANGU>
      <VERSION>A</VERSION>
      <LANGU>E</LANGU>
     </ATTRIBUTES>
    </item>
    <item>
     <ATTRIBUTES>
      <APPLNAME>ZCANER4</APPLNAME>
      <PAGEKEY>MODEL/MODELS.JS</PAGEKEY>
      <PAGENAME>model/models.js</PAGENAME>
      <PAGETYPE>X</PAGETYPE>
      <LAYOUTLANGU>E</LAYOUTLANGU>
      <VERSION>A</VERSION>
      <LANGU>E</LANGU>
     </ATTRIBUTES>
    </item>
    <item>
     <ATTRIBUTES>
      <APPLNAME>ZCANER4</APPLNAME>
      <PAGEKEY>RESOURCES.JSON</PAGEKEY>
      <PAGENAME>resources.json</PAGENAME>
      <PAGETYPE>X</PAGETYPE>
      <LAYOUTLANGU>E</LAYOUTLANGU>
      <VERSION>A</VERSION>
      <LANGU>E</LANGU>
     </ATTRIBUTES>
    </item>
    <item>
     <ATTRIBUTES>
      <APPLNAME>ZCANER4</APPLNAME>
      <PAGEKEY>TEST/INTEGRATION/ALLJOURNEYS.JS</PAGEKEY>
      <PAGENAME>test/integration/AllJourneys.js</PAGENAME>
      <PAGETYPE>X</PAGETYPE>
      <LAYOUTLANGU>E</LAYOUTLANGU>
      <VERSION>A</VERSION>
      <LANGU>E</LANGU>
     </ATTRIBUTES>
    </item>
    <item>
     <ATTRIBUTES>
      <APPLNAME>ZCANER4</APPLNAME>
      <PAGEKEY>TEST/INTEGRATION/ARRANGEMENTS/STARTUP.JS</PAGEKEY>
      <PAGENAME>test/integration/arrangements/Startup.js</PAGENAME>
      <PAGETYPE>X</PAGETYPE>
      <LAYOUTLANGU>E</LAYOUTLANGU>
      <VERSION>A</VERSION>
      <LANGU>E</LANGU>
     </ATTRIBUTES>
    </item>
    <item>
     <ATTRIBUTES>
      <APPLNAME>ZCANER4</APPLNAME>
      <PAGEKEY>TEST/INTEGRATION/NAVIGATIONJOURNEY.JS</PAGEKEY>
      <PAGENAME>test/integration/NavigationJourney.js</PAGENAME>
      <PAGETYPE>X</PAGETYPE>
      <LAYOUTLANGU>E</LAYOUTLANGU>
      <VERSION>A</VERSION>
      <LANGU>E</LANGU>
     </ATTRIBUTES>
    </item>
    <item>
     <ATTRIBUTES>
      <APPLNAME>ZCANER4</APPLNAME>
      <PAGEKEY>TEST/INTEGRATION/OPATESTS.QUNIT.HTML</PAGEKEY>
      <PAGENAME>test/integration/opaTests.qunit.html</PAGENAME>
      <PAGETYPE>X</PAGETYPE>
      <LAYOUTLANGU>E</LAYOUTLANGU>
      <VERSION>A</VERSION>
      <LANGU>E</LANGU>
     </ATTRIBUTES>
    </item>
    <item>
     <ATTRIBUTES>
      <APPLNAME>ZCANER4</APPLNAME>
      <PAGEKEY>TEST/INTEGRATION/OPATESTS.QUNIT.JS</PAGEKEY>
      <PAGENAME>test/integration/opaTests.qunit.js</PAGENAME>
      <PAGETYPE>X</PAGETYPE>
      <LAYOUTLANGU>E</LAYOUTLANGU>
      <VERSION>A</VERSION>
      <LANGU>E</LANGU>
     </ATTRIBUTES>
    </item>
    <item>
     <ATTRIBUTES>
      <APPLNAME>ZCANER4</APPLNAME>
      <PAGEKEY>TEST/INTEGRATION/PAGES/MAINVIEW.JS</PAGEKEY>
      <PAGENAME>test/integration/pages/MainView.js</PAGENAME>
      <PAGETYPE>X</PAGETYPE>
      <LAYOUTLANGU>E</LAYOUTLANGU>
      <VERSION>A</VERSION>
      <LANGU>E</LANGU>
     </ATTRIBUTES>
    </item>
    <item>
     <ATTRIBUTES>
      <APPLNAME>ZCANER4</APPLNAME>
      <PAGEKEY>TEST/TESTSUITE.QUNIT.HTML</PAGEKEY>
      <PAGENAME>test/testsuite.qunit.html</PAGENAME>
      <PAGETYPE>X</PAGETYPE>
      <LAYOUTLANGU>E</LAYOUTLANGU>
      <VERSION>A</VERSION>
      <LANGU>E</LANGU>
     </ATTRIBUTES>
    </item>
    <item>
     <ATTRIBUTES>
      <APPLNAME>ZCANER4</APPLNAME>
      <PAGEKEY>TEST/TESTSUITE.QUNIT.JS</PAGEKEY>
      <PAGENAME>test/testsuite.qunit.js</PAGENAME>
      <PAGETYPE>X</PAGETYPE>
      <LAYOUTLANGU>E</LAYOUTLANGU>
      <VERSION>A</VERSION>
      <LANGU>E</LANGU>
     </ATTRIBUTES>
    </item>
    <item>
     <ATTRIBUTES>
      <APPLNAME>ZCANER4</APPLNAME>
      <PAGEKEY>TEST/UNIT/ALLTESTS.JS</PAGEKEY>
      <PAGENAME>test/unit/AllTests.js</PAGENAME>
      <PAGETYPE>X</PAGETYPE>
      <LAYOUTLANGU>E</LAYOUTLANGU>
      <VERSION>A</VERSION>
      <LANGU>E</LANGU>
     </ATTRIBUTES>
    </item>
    <item>
     <ATTRIBUTES>
      <APPLNAME>ZCANER4</APPLNAME>
      <PAGEKEY>TEST/UNIT/CONTROLLER/MAINVIEW.CONTROLLER.JS</PAGEKEY>
      <PAGENAME>test/unit/controller/MainView.controller.js</PAGENAME>
      <PAGETYPE>X</PAGETYPE>
      <LAYOUTLANGU>E</LAYOUTLANGU>
      <VERSION>A</VERSION>
      <LANGU>E</LANGU>
     </ATTRIBUTES>
    </item>
    <item>
     <ATTRIBUTES>
      <APPLNAME>ZCANER4</APPLNAME>
      <PAGEKEY>TEST/UNIT/UNITTESTS.QUNIT.HTML</PAGEKEY>
      <PAGENAME>test/unit/unitTests.qunit.html</PAGENAME>
      <PAGETYPE>X</PAGETYPE>
      <LAYOUTLANGU>E</LAYOUTLANGU>
      <VERSION>A</VERSION>
      <LANGU>E</LANGU>
     </ATTRIBUTES>
    </item>
    <item>
     <ATTRIBUTES>
      <APPLNAME>ZCANER4</APPLNAME>
      <PAGEKEY>TEST/UNIT/UNITTESTS.QUNIT.JS</PAGEKEY>
      <PAGENAME>test/unit/unitTests.qunit.js</PAGENAME>
      <PAGETYPE>X</PAGETYPE>
      <LAYOUTLANGU>E</LAYOUTLANGU>
      <VERSION>A</VERSION>
      <LANGU>E</LANGU>
     </ATTRIBUTES>
    </item>
    <item>
     <ATTRIBUTES>
      <APPLNAME>ZCANER4</APPLNAME>
      <PAGEKEY>UI508F82450CDF3F862DC74B7320B28EDD6109B8B94</PAGEKEY>
      <PAGENAME>UI508F82450CDF3F862DC74B7320B28EDD6109B8B94</PAGENAME>
      <PAGETYPE>X</PAGETYPE>
      <LAYOUTLANGU>E</LAYOUTLANGU>
      <VERSION>A</VERSION>
      <LANGU>E</LANGU>
     </ATTRIBUTES>
    </item>
    <item>
     <ATTRIBUTES>
      <APPLNAME>ZCANER4</APPLNAME>
      <PAGEKEY>UI527267F5474D62E6D21B3897754C2BC39AB97EA98</PAGEKEY>
      <PAGENAME>UI527267F5474D62E6D21B3897754C2BC39AB97EA98</PAGENAME>
      <PAGETYPE>X</PAGETYPE>
      <LAYOUTLANGU>E</LAYOUTLANGU>
      <VERSION>A</VERSION>
      <LANGU>E</LANGU>
     </ATTRIBUTES>
    </item>
    <item>
     <ATTRIBUTES>
      <APPLNAME>ZCANER4</APPLNAME>
      <PAGEKEY>UI52768EEB452F61BA8F0F8D4F2703489E00D8476BA</PAGEKEY>
      <PAGENAME>UI52768EEB452F61BA8F0F8D4F2703489E00D8476BA</PAGENAME>
      <PAGETYPE>X</PAGETYPE>
      <LAYOUTLANGU>E</LAYOUTLANGU>
      <VERSION>A</VERSION>
      <LANGU>E</LANGU>
     </ATTRIBUTES>
    </item>
    <item>
     <ATTRIBUTES>
      <APPLNAME>ZCANER4</APPLNAME>
      <PAGEKEY>UI5429D1FCC905A37DCC96B86C417CD8ED860AFEEE5</PAGEKEY>
      <PAGENAME>UI5429D1FCC905A37DCC96B86C417CD8ED860AFEEE5</PAGENAME>
      <PAGETYPE>X</PAGETYPE>
      <LAYOUTLANGU>E</LAYOUTLANGU>
      <VERSION>A</VERSION>
      <LANGU>E</LANGU>
     </ATTRIBUTES>
    </item>
    <item>
     <ATTRIBUTES>
      <APPLNAME>ZCANER4</APPLNAME>
      <PAGEKEY>UI547BB46C142174A37E4ACC59D2F221D17CB568BE0</PAGEKEY>
      <PAGENAME>UI547BB46C142174A37E4ACC59D2F221D17CB568BE0</PAGENAME>
      <PAGETYPE>X</PAGETYPE>
      <LAYOUTLANGU>E</LAYOUTLANGU>
      <VERSION>A</VERSION>
      <LANGU>E</LANGU>
     </ATTRIBUTES>
    </item>
    <item>
     <ATTRIBUTES>
      <APPLNAME>ZCANER4</APPLNAME>
      <PAGEKEY>UI55EA81C193C52B757C16DE73DF25FDC168CA09071</PAGEKEY>
      <PAGENAME>UI55EA81C193C52B757C16DE73DF25FDC168CA09071</PAGENAME>
      <PAGETYPE>X</PAGETYPE>
      <LAYOUTLANGU>E</LAYOUTLANGU>
      <VERSION>A</VERSION>
      <LANGU>E</LANGU>
     </ATTRIBUTES>
    </item>
    <item>
     <ATTRIBUTES>
      <APPLNAME>ZCANER4</APPLNAME>
      <PAGEKEY>UI56DF211C1A129239F14A2C10EA481F361D87C2951</PAGEKEY>
      <PAGENAME>UI56DF211C1A129239F14A2C10EA481F361D87C2951</PAGENAME>
      <PAGETYPE>X</PAGETYPE>
      <LAYOUTLANGU>E</LAYOUTLANGU>
      <VERSION>A</VERSION>
      <LANGU>E</LANGU>
     </ATTRIBUTES>
    </item>
    <item>
     <ATTRIBUTES>
      <APPLNAME>ZCANER4</APPLNAME>
      <PAGEKEY>UI575E165A950AEDBD845FB47E072E7B72BD2597C84</PAGEKEY>
      <PAGENAME>UI575E165A950AEDBD845FB47E072E7B72BD2597C84</PAGENAME>
      <PAGETYPE>X</PAGETYPE>
      <LAYOUTLANGU>E</LAYOUTLANGU>
      <VERSION>A</VERSION>
      <LANGU>E</LANGU>
     </ATTRIBUTES>
    </item>
    <item>
     <ATTRIBUTES>
      <APPLNAME>ZCANER4</APPLNAME>
      <PAGEKEY>UI583B76B17FA637FCE9EB916DA74215B0813D85320</PAGEKEY>
      <PAGENAME>UI583B76B17FA637FCE9EB916DA74215B0813D85320</PAGENAME>
      <PAGETYPE>X</PAGETYPE>
      <LAYOUTLANGU>E</LAYOUTLANGU>
      <VERSION>A</VERSION>
      <LANGU>E</LANGU>
     </ATTRIBUTES>
    </item>
    <item>
     <ATTRIBUTES>
      <APPLNAME>ZCANER4</APPLNAME>
      <PAGEKEY>UI5998D97B267DCF6C31BD1569E8D040163B49B6B1B</PAGEKEY>
      <PAGENAME>UI5998D97B267DCF6C31BD1569E8D040163B49B6B1B</PAGENAME>
      <PAGETYPE>X</PAGETYPE>
      <LAYOUTLANGU>E</LAYOUTLANGU>
      <VERSION>A</VERSION>
      <LANGU>E</LANGU>
     </ATTRIBUTES>
    </item>
    <item>
     <ATTRIBUTES>
      <APPLNAME>ZCANER4</APPLNAME>
      <PAGEKEY>UI5A8F975298998C8C4C5BA02CD322A891D320070AF</PAGEKEY>
      <PAGENAME>UI5A8F975298998C8C4C5BA02CD322A891D320070AF</PAGENAME>
      <PAGETYPE>X</PAGETYPE>
      <LAYOUTLANGU>E</LAYOUTLANGU>
      <VERSION>A</VERSION>
      <LANGU>E</LANGU>
     </ATTRIBUTES>
    </item>
    <item>
     <ATTRIBUTES>
      <APPLNAME>ZCANER4</APPLNAME>
      <PAGEKEY>UI5B286271A536B86ED651FBB5320BA4B907C4EB39A</PAGEKEY>
      <PAGENAME>UI5B286271A536B86ED651FBB5320BA4B907C4EB39A</PAGENAME>
      <PAGETYPE>X</PAGETYPE>
      <LAYOUTLANGU>E</LAYOUTLANGU>
      <VERSION>A</VERSION>
      <LANGU>E</LANGU>
     </ATTRIBUTES>
    </item>
    <item>
     <ATTRIBUTES>
      <APPLNAME>ZCANER4</APPLNAME>
      <PAGEKEY>UI5B2B5D24238268DEF4FA05063EBE5142BBCACE17B</PAGEKEY>
      <PAGENAME>UI5B2B5D24238268DEF4FA05063EBE5142BBCACE17B</PAGENAME>
      <PAGETYPE>X</PAGETYPE>
      <LAYOUTLANGU>E</LAYOUTLANGU>
      <VERSION>A</VERSION>
      <LANGU>E</LANGU>
     </ATTRIBUTES>
    </item>
    <item>
     <ATTRIBUTES>
      <APPLNAME>ZCANER4</APPLNAME>
      <PAGEKEY>UI5C1988FC21E729302CE0154DCECD5D701AFF8B551</PAGEKEY>
      <PAGENAME>UI5C1988FC21E729302CE0154DCECD5D701AFF8B551</PAGENAME>
      <PAGETYPE>X</PAGETYPE>
      <LAYOUTLANGU>E</LAYOUTLANGU>
      <VERSION>A</VERSION>
      <LANGU>E</LANGU>
     </ATTRIBUTES>
    </item>
    <item>
     <ATTRIBUTES>
      <APPLNAME>ZCANER4</APPLNAME>
      <PAGEKEY>UI5D0509BCA4761B02D4C560D48F432882FE3618B85</PAGEKEY>
      <PAGENAME>UI5D0509BCA4761B02D4C560D48F432882FE3618B85</PAGENAME>
      <PAGETYPE>X</PAGETYPE>
      <LAYOUTLANGU>E</LAYOUTLANGU>
      <VERSION>A</VERSION>
      <LANGU>E</LANGU>
     </ATTRIBUTES>
    </item>
    <item>
     <ATTRIBUTES>
      <APPLNAME>ZCANER4</APPLNAME>
      <PAGEKEY>UI5D3D872099E5E512CBF7792B8AE2A3286B6A31446</PAGEKEY>
      <PAGENAME>UI5D3D872099E5E512CBF7792B8AE2A3286B6A31446</PAGENAME>
      <PAGETYPE>X</PAGETYPE>
      <LAYOUTLANGU>E</LAYOUTLANGU>
      <VERSION>A</VERSION>
      <LANGU>E</LANGU>
     </ATTRIBUTES>
    </item>
    <item>
     <ATTRIBUTES>
      <APPLNAME>ZCANER4</APPLNAME>
      <PAGEKEY>UI5E63C00F892E980886060A10B1B3A27841D4B3451</PAGEKEY>
      <PAGENAME>UI5E63C00F892E980886060A10B1B3A27841D4B3451</PAGENAME>
      <PAGETYPE>X</PAGETYPE>
      <LAYOUTLANGU>E</LAYOUTLANGU>
      <VERSION>A</VERSION>
      <LANGU>E</LANGU>
     </ATTRIBUTES>
    </item>
    <item>
     <ATTRIBUTES>
      <APPLNAME>ZCANER4</APPLNAME>
      <PAGEKEY>UI5REPOSITORYPATHMAPPING.XML</PAGEKEY>
      <PAGENAME>UI5RepositoryPathMapping.xml</PAGENAME>
      <PAGETYPE>X</PAGETYPE>
      <LAYOUTLANGU>E</LAYOUTLANGU>
      <VERSION>A</VERSION>
      <LANGU>E</LANGU>
     </ATTRIBUTES>
    </item>
    <item>
     <ATTRIBUTES>
      <APPLNAME>ZCANER4</APPLNAME>
      <PAGEKEY>VIEW/MAINVIEW.VIEW.XML</PAGEKEY>
      <PAGENAME>view/MainView.view.xml</PAGENAME>
      <PAGETYPE>X</PAGETYPE>
      <LAYOUTLANGU>E</LAYOUTLANGU>
      <VERSION>A</VERSION>
      <LANGU>E</LANGU>
     </ATTRIBUTES>
    </item>
   </PAGES>
  </asx:values>
 </asx:abap>
</abapGit>
