{                                                                                                                                                                                                                                                              
    "_version": "1.12.0",                                                                                                                                                                                                                                      
    "sap.app": {                                                                                                                                                                                                                                               
        "id": "kpmg.com.Caner4",                                                                                                                                                                                                                               
        "type": "application",                                                                                                                                                                                                                                 
        "i18n": "i18n/i18n.properties",                                                                                                                                                                                                                        
        "applicationVersion": {                                                                                                                                                                                                                                
            "version": "1.0.0"                                                                                                                                                                                                                                 
        },                                                                                                                                                                                                                                                     
        "title": "{{appTitle}}",                                                                                                                                                                                                                               
        "description": "{{appDescription}}",                                                                                                                                                                                                                   
        "sourceTemplate": {                                                                                                                                                                                                                                    
            "id": "servicecatalog.connectivityComponentForManifest",                                                                                                                                                                                           
            "version": "0.0.0"                                                                                                                                                                                                                                 
        },                                                                                                                                                                                                                                                     
        "dataSources": {                                                                                                                                                                                                                                       
            "ZSDDOCUMENT_ODATA_MV_SRV": {                                                                                                                                                                                                                      
                "uri": "/sap/opu/odata/sap/ZSDDOCUMENT_ODATA_MV_SRV/",                                                                                                                                                                                         
                "type": "OData",                                                                                                                                                                                                                               
                "settings": {                                                                                                                                                                                                                                  
                    "localUri": "localService/ZSDDOCUMENT_ODATA_MV_SRV/metadata.xml"                                                                                                                                                                           
                }                                                                                                                                                                                                                                              
            }                                                                                                                                                                                                                                                  
        }                                                                                                                                                                                                                                                      
    },                                                                                                                                                                                                                                                         
    "sap.ui": {                                                                                                                                                                                                                                                
        "technology": "UI5",                                                                                                                                                                                                                                   
        "icons": {                                                                                                                                                                                                                                             
            "icon": "",                                                                                                                                                                                                                                        
            "favIcon": "",                                                                                                                                                                                                                                     
            "phone": "",                                                                                                                                                                                                                                       
            "phone@2": "",                                                                                                                                                                                                                                     
            "tablet": "",                                                                                                                                                                                                                                      
            "tablet@2": ""                                                                                                                                                                                                                                     
        },                                                                                                                                                                                                                                                     
        "deviceTypes": {                                                                                                                                                                                                                                       
            "desktop": true,                                                                                                                                                                                                                                   
            "tablet": true,                                                                                                                                                                                                                                    
            "phone": true                                                                                                                                                                                                                                      
        }                                                                                                                                                                                                                                                      
    },                                                                                                                                                                                                                                                         
    "sap.ui5": {                                                                                                                                                                                                                                               
        "flexEnabled": false,                                                                                                                                                                                                                                  
        "rootView": {                                                                                                                                                                                                                                          
            "viewName": "kpmg.com.Caner4.view.MainView",                                                                                                                                                                                                       
            "type": "XML",                                                                                                                                                                                                                                     
            "async": true,                                                                                                                                                                                                                                     
            "id": "MainView"                                                                                                                                                                                                                                   
        },                                                                                                                                                                                                                                                     
        "dependencies": {                                                                                                                                                                                                                                      
            "minUI5Version": "1.65.6",                                                                                                                                                                                                                         
            "libs": {                                                                                                                                                                                                                                          
                "sap.ui.layout": {},                                                                                                                                                                                                                           
                "sap.ui.core": {},                                                                                                                                                                                                                             
                "sap.m": {}                                                                                                                                                                                                                                    
            }                                                                                                                                                                                                                                                  
        },                                                                                                                                                                                                                                                     
        "contentDensities": {                                                                                                                                                                                                                                  
            "compact": true,                                                                                                                                                                                                                                   
            "cozy": true                                                                                                                                                                                                                                       
        },                                                                                                                                                                                                                                                     
        "models": {                                                                                                                                                                                                                                            
            "i18n": {                                                                                                                                                                                                                                          
                "type": "sap.ui.model.resource.ResourceModel",                                                                                                                                                                                                 
                "settings": {                                                                                                                                                                                                                                  
                    "bundleName": "kpmg.com.Caner4.i18n.i18n"                                                                                                                                                                                                  
                }                                                                                                                                                                                                                                              
            },                                                                                                                                                                                                                                                 
            "documentsModel": {                                                                                                                                                                                                                                
                "type": "sap.ui.model.odata.v2.ODataModel",                                                                                                                                                                                                    
                "settings": {                                                                                                                                                                                                                                  
                    "defaultOperationMode": "Server",                                                                                                                                                                                                          
                    "defaultBindingMode": "OneWay",                                                                                                                                                                                                            
                    "defaultCountMode": "Request"                                                                                                                                                                                                              
                },                                                                                                                                                                                                                                             
                "dataSource": "ZSDDOCUMENT_ODATA_MV_SRV",                                                                                                                                                                                                      
                "preload": true                                                                                                                                                                                                                                
            }                                                                                                                                                                                                                                                  
        },                                                                                                                                                                                                                                                     
        "resources": {                                                                                                                                                                                                                                         
            "css": [                                                                                                                                                                                                                                           
                {                                                                                                                                                                                                                                              
                    "uri": "css/style.css"                                                                                                                                                                                                                     
                }                                                                                                                                                                                                                                              
            ]                                                                                                                                                                                                                                                  
        },                                                                                                                                                                                                                                                     
        "routing": {                                                                                                                                                                                                                                           
            "config": {                                                                                                                                                                                                                                        
                "routerClass": "sap.m.routing.Router",                                                                                                                                                                                                         
                "viewType": "XML",                                                                                                                                                                                                                             
                "async": true,                                                                                                                                                                                                                                 
                "viewPath": "kpmg.com.Caner4.view",                                                                                                                                                                                                            
                "controlAggregation": "pages",                                                                                                                                                                                                                 
                "controlId": "app",                                                                                                                                                                                                                            
                "clearControlAggregation": false                                                                                                                                                                                                               
            },                                                                                                                                                                                                                                                 
            "routes": [                                                                                                                                                                                                                                        
                {                                                                                                                                                                                                                                              
                    "name": "RouteMainView",                                                                                                                                                                                                                   
                    "pattern": "RouteMainView",                                                                                                                                                                                                                
                    "target": [                                                                                                                                                                                                                                
                        "TargetMainView"                                                                                                                                                                                                                       
                    ]                                                                                                                                                                                                                                          
                }                                                                                                                                                                                                                                              
            ],                                                                                                                                                                                                                                                 
            "targets": {                                                                                                                                                                                                                                       
                "TargetMainView": {                                                                                                                                                                                                                            
                    "viewType": "XML",                                                                                                                                                                                                                         
                    "transition": "slide",                                                                                                                                                                                                                     
                    "clearControlAggregation": false,                                                                                                                                                                                                          
                    "viewId": "MainView",                                                                                                                                                                                                                      
                    "viewName": "MainView"                                                                                                                                                                                                                     
                }                                                                                                                                                                                                                                              
            }                                                                                                                                                                                                                                                  
        }                                                                                                                                                                                                                                                      
    },                                                                                                                                                                                                                                                         
    "sap.platform.abap": {                                                                                                                                                                                                                                     
        "uri": "/sap/bc/ui5_ui5/sap/zcaner4/webapp",                                                                                                                                                                                                           
        "_version": "1.1.0"                                                                                                                                                                                                                                    
    }                                                                                                                                                                                                                                                          
}                                                                                                                                                                                                                                                              