<mvc:View controllerName="kpmg.com.Caner4.controller.MainView" xmlns:mvc="sap.ui.core.mvc" displayBlock="true" xmlns="sap.m">                                                                                                                                  
	<Shell id="shell">                                                                                                                                                                                                                                            
		<App id="app">                                                                                                                                                                                                                                               
			<pages>                                                                                                                                                                                                                                                     
				<Page id="page" title="{i18n>title}">                                                                                                                                                                                                                      
					<content>                                                                                                                                                                                                                                                 
						<List id="list-id" items="{path: 'documentsModel>/HeadersSet'}" class="sapUiResponsiveMargin">                                                                                                                                                           
							<headerToolbar>                                                                                                                                                                                                                                         
								<Toolbar>                                                                                                                                                                                                                                              
									<Title text="{i18n>filter}"/>                                                                                                                                                                                                                         
									<ToolbarSpacer/>                                                                                                                                                                                                                                      
									<SearchField width="50%" search=".onSearch"/>                                                                                                                                                                                                         
								</Toolbar>                                                                                                                                                                                                                                             
							</headerToolbar>                                                                                                                                                                                                                                        
							<items>                                                                                                                                                                                                                                                 
								<StandardListItem title="{documentsModel>Vbeln}" description="{documentsModel>Ernam}" ></StandardListItem>                                                                                                                                             
						<ObjectListItem title="{documentsModel>Vbeln}"></ObjectListItem>                                                                                                                                                                                         
							</items>                                                                                                                                                                                                                                                
						</List>                                                                                                                                                                                                                                                  
						<!--<List id="list-id" class="sapUiResponsiveMargin" width="auto" items="{path: 'documentsModel>/HeadersSet'}">-->                                                                                                                                       
						<!--	<headerToolbar>-->                                                                                                                                                                                                                                  
						<!--		<Toolbar>-->                                                                                                                                                                                                                                       
						<!--			<ToolbarSpacer/>-->                                                                                                                                                                                                                               
						<!--			<SearchField width="50%" search=".onSearch"/>-->                                                                                                                                                                                                  
						<!--		</Toolbar>-->                                                                                                                                                                                                                                      
						<!--	</headerToolbar>-->                                                                                                                                                                                                                                 
						<!--	<items>-->                                                                                                                                                                                                                                          
						<!--		<ObjectListItem title="{documentsModel>Vbeln}">-->                                                                                                                                                                                                 
						<!--		</ObjectListItem/>-->                                                                                                                                                                                                                              
						<!--	</items>-->                                                                                                                                                                                                                                         
						<!--</List>-->                                                                                                                                                                                                                                           
					</content>                                                                                                                                                                                                                                                
				</Page>                                                                                                                                                                                                                                                    
			</pages>                                                                                                                                                                                                                                                    
		</App>                                                                                                                                                                                                                                                       
	</Shell>                                                                                                                                                                                                                                                      
</mvc:View>                                                                                                                                                                                                                                                    