{                                                                                                                                                                                                                                                              
    "resources": [                                                                                                                                                                                                                                             
        {                                                                                                                                                                                                                                                      
            "name": "Component-preload.js",                                                                                                                                                                                                                    
            "merged": true                                                                                                                                                                                                                                     
        },                                                                                                                                                                                                                                                     
        {                                                                                                                                                                                                                                                      
            "name": "manifest.json"                                                                                                                                                                                                                            
        },                                                                                                                                                                                                                                                     
        {                                                                                                                                                                                                                                                      
            "name": "model/models.js"                                                                                                                                                                                                                          
        },                                                                                                                                                                                                                                                     
        {                                                                                                                                                                                                                                                      
            "name": "controller/MainView.controller.js"                                                                                                                                                                                                        
        },                                                                                                                                                                                                                                                     
        {                                                                                                                                                                                                                                                      
            "name": "Component.js"                                                                                                                                                                                                                             
        },                                                                                                                                                                                                                                                     
        {                                                                                                                                                                                                                                                      
            "name": "manifest-bundle.zip"                                                                                                                                                                                                                      
        },                                                                                                                                                                                                                                                     
        {                                                                                                                                                                                                                                                      
            "name": "i18n/i18n.properties",                                                                                                                                                                                                                    
            "raw": "i18n/i18n.properties"                                                                                                                                                                                                                      
        },                                                                                                                                                                                                                                                     
        {                                                                                                                                                                                                                                                      
            "name": "model/models-dbg.js",                                                                                                                                                                                                                     
            "isDebug": true                                                                                                                                                                                                                                    
        },                                                                                                                                                                                                                                                     
        {                                                                                                                                                                                                                                                      
            "name": "controller/MainView-dbg.controller.js",                                                                                                                                                                                                   
            "isDebug": true                                                                                                                                                                                                                                    
        },                                                                                                                                                                                                                                                     
        {                                                                                                                                                                                                                                                      
            "name": "Component-dbg.js",                                                                                                                                                                                                                        
            "isDebug": true                                                                                                                                                                                                                                    
        },                                                                                                                                                                                                                                                     
        {                                                                                                                                                                                                                                                      
            "name": "../../../sap-ui-version.json"                                                                                                                                                                                                             
        },                                                                                                                                                                                                                                                     
        {                                                                                                                                                                                                                                                      
            "name": "neo-app.json"                                                                                                                                                                                                                             
        },                                                                                                                                                                                                                                                     
        {                                                                                                                                                                                                                                                      
            "name": "di.code-validation.core_issues.json"                                                                                                                                                                                                      
        },                                                                                                                                                                                                                                                     
        {                                                                                                                                                                                                                                                      
            "name": "localService/ZSDDOCUMENT_ODATA_MV_SRV/metadata.xml"                                                                                                                                                                                       
        },                                                                                                                                                                                                                                                     
        {                                                                                                                                                                                                                                                      
            "name": "view/MainView.view.xml"                                                                                                                                                                                                                   
        },                                                                                                                                                                                                                                                     
        {                                                                                                                                                                                                                                                      
            "name": "localService/metadata.xml"                                                                                                                                                                                                                
        },                                                                                                                                                                                                                                                     
        {                                                                                                                                                                                                                                                      
            "name": "css/style.css"                                                                                                                                                                                                                            
        },                                                                                                                                                                                                                                                     
        {                                                                                                                                                                                                                                                      
            "name": "index.html"                                                                                                                                                                                                                               
        }                                                                                                                                                                                                                                                      
    ]                                                                                                                                                                                                                                                          
}                                                                                                                                                                                                                                                              