﻿<?xml version="1.0" encoding="utf-8"?>
<abapGit version="v1.0.0" serializer="LCL_OBJECT_SFPI" serializer_version="v1.0.0">
 <asx:abap version="1.0" xmlns:asx="http://www.sap.com/abapxml">
  <asx:values>
   <VERSION>1</VERSION>
   <TYPE/>
   <INTERFACE href="#o1"/>
   <INTERFACET>
    <FPINTERFACET>
     <NAME/>
     <STATE/>
     <LANGUAGE>E</LANGUAGE>
     <ID/>
     <TEXT>Simeon Bakalov Caner Week3</TEXT>
    </FPINTERFACET>
   </INTERFACET>
  </asx:values>
  <asx:heap xmlns:xsd="http://www.w3.org/2001/XMLSchema" xmlns:abap="http://www.sap.com/abapxml/types/built-in" xmlns:cls="http://www.sap.com/abapxml/classes/global" xmlns:dic="http://www.sap.com/abapxml/types/dictionary">
   <cls:CL_FP_INTERFACE_DATA id="o1">
    <CL_FP_INTERFACE_DATA classVersion="1">
     <CODING href="#o5"/>
     <PARAMETERS href="#o4"/>
     <GLOBAL_DEFINITIONS href="#o3"/>
     <REFERENCE_FIELDS href="#o2"/>
     <XSD_DEFINITIONS/>
    </CL_FP_INTERFACE_DATA>
   </cls:CL_FP_INTERFACE_DATA>
   <cls:CL_FP_REFERENCE_FIELDS id="o2">
    <CL_FP_INTERFACE_DATA_CHANGED classVersion="1">
     <INTERFACE_DATA href="#o1"/>
    </CL_FP_INTERFACE_DATA_CHANGED>
    <CL_FP_REFERENCE_FIELDS classVersion="1">
     <REFERENCE_FIELDS/>
    </CL_FP_REFERENCE_FIELDS>
   </cls:CL_FP_REFERENCE_FIELDS>
   <cls:CL_FP_GLOBAL_DEFINITIONS id="o3">
    <CL_FP_INTERFACE_DATA_CHANGED classVersion="1">
     <INTERFACE_DATA href="#o1"/>
    </CL_FP_INTERFACE_DATA_CHANGED>
    <CL_FP_GLOBAL_DEFINITIONS classVersion="1">
     <GLOBAL_DATA>
      <SFPGDATA>
       <NAME>VBAK_STR</NAME>
       <TYPING>TYPE</TYPING>
       <TYPENAME>VBAK</TYPENAME>
       <DEFAULTVAL/>
       <CONSTANT/>
      </SFPGDATA>
      <SFPGDATA>
       <NAME>UPLOAD_STR</NAME>
       <TYPING>TYPE</TYPING>
       <TYPENAME>UPLOAD_STR</TYPENAME>
       <DEFAULTVAL/>
       <CONSTANT/>
      </SFPGDATA>
      <SFPGDATA>
       <NAME>UPLOAD_TAB</NAME>
       <TYPING>TYPE</TYPING>
       <TYPENAME>UPLOAD_TAB</TYPENAME>
       <DEFAULTVAL/>
       <CONSTANT/>
      </SFPGDATA>
      <SFPGDATA>
       <NAME>VBRK_TAB</NAME>
       <TYPING>TYPE</TYPING>
       <TYPENAME>TAB_VBRK</TYPENAME>
       <DEFAULTVAL/>
       <CONSTANT/>
      </SFPGDATA>
      <SFPGDATA>
       <NAME>VBAP_TAB</NAME>
       <TYPING>TYPE</TYPING>
       <TYPENAME>TAB_VBAP</TYPENAME>
       <DEFAULTVAL/>
       <CONSTANT/>
      </SFPGDATA>
      <SFPGDATA>
       <NAME>VBAK_TAB</NAME>
       <TYPING>TYPE</TYPING>
       <TYPENAME>TAB_VBAK</TYPENAME>
       <DEFAULTVAL/>
       <CONSTANT/>
      </SFPGDATA>
      <SFPGDATA>
       <NAME>SALES_DOC</NAME>
       <TYPING>TYPE</TYPING>
       <TYPENAME>VBAK-VBELN</TYPENAME>
       <DEFAULTVAL/>
       <CONSTANT/>
      </SFPGDATA>
     </GLOBAL_DATA>
     <TYPES>
      <FPCLINE>    TYPES:</FPCLINE>
      <FPCLINE>      BEGIN OF upload_ts,</FPCLINE>
      <FPCLINE>        icon           TYPE icon_d,  &quot; Add field to hold traffic light value</FPCLINE>
      <FPCLINE>        sales_doc      TYPE vbak-vbeln, &quot;</FPCLINE>
      <FPCLINE>        sales_doc_item TYPE vbap-posnr,</FPCLINE>
      <FPCLINE>        mat_no         TYPE vbap-matnr,</FPCLINE>
      <FPCLINE>        net_value      TYPE vbap-netwr, &quot;net value</FPCLINE>
      <FPCLINE>        sd_doc         TYPE vbap-waerk, &quot;currency</FPCLINE>
      <FPCLINE>        net_weight     TYPE vbap-ntgew,</FPCLINE>
      <FPCLINE>        weight_unit    TYPE vbap-gewei,</FPCLINE>
      <FPCLINE>        mat_text       TYPE makt-maktx,</FPCLINE>
      <FPCLINE>        mat_text_de    TYPE makt-maktx,</FPCLINE>
      <FPCLINE>        bill_doc       TYPE vbrk-vbeln, &quot; invoice number</FPCLINE>
      <FPCLINE>        cust_num       TYPE vbrk-kunrg,</FPCLINE>
      <FPCLINE>        cust_name      TYPE kna1-name1,</FPCLINE>
      <FPCLINE>        bill_date      TYPE c LENGTH 10,</FPCLINE>
      <FPCLINE>        color          TYPE lvc_t_scol, &quot;&lt;&lt;&lt; COLOR COLUMN</FPCLINE>
      <FPCLINE>      END OF upload_ts,</FPCLINE>
      <FPCLINE>     upload_tab TYPE TABLE OF upload_ts ,</FPCLINE>
      <FPCLINE>     upload_str TYPE upload_ts.</FPCLINE>
     </TYPES>
     <FIELDSYMBOLS/>
    </CL_FP_GLOBAL_DEFINITIONS>
   </cls:CL_FP_GLOBAL_DEFINITIONS>
   <cls:CL_FP_PARAMETERS id="o4">
    <CL_FP_INTERFACE_DATA_CHANGED classVersion="1">
     <INTERFACE_DATA href="#o1"/>
    </CL_FP_INTERFACE_DATA_CHANGED>
    <CL_FP_PARAMETERS classVersion="1">
     <IMPORT_PARAMETERS/>
     <EXPORT_PARAMETERS/>
     <TABLE_PARAMETERS/>
     <EXCEPTIONS/>
    </CL_FP_PARAMETERS>
   </cls:CL_FP_PARAMETERS>
   <cls:CL_FP_CODING id="o5">
    <CL_FP_INTERFACE_DATA_CHANGED classVersion="1">
     <INTERFACE_DATA href="#o1"/>
    </CL_FP_INTERFACE_DATA_CHANGED>
    <CL_FP_CODING classVersion="1">
     <INPUT_PARAMETERS>
      <FPPARAMETER>VBAP_TAB</FPPARAMETER>
      <FPPARAMETER>VBAK_TAB</FPPARAMETER>
      <FPPARAMETER>UPLOAD_STR</FPPARAMETER>
      <FPPARAMETER>UPLOAD_TAB</FPPARAMETER>
     </INPUT_PARAMETERS>
     <OUTPUT_PARAMETERS>
      <FPPARAMETER>VBAK_STR</FPPARAMETER>
      <FPPARAMETER>VBAK_TAB</FPPARAMETER>
      <FPPARAMETER>UPLOAD_TAB</FPPARAMETER>
      <FPPARAMETER>UPLOAD_STR</FPPARAMETER>
     </OUTPUT_PARAMETERS>
     <INITIALIZATION>
      <FPCLINE>LOOP AT zcl_transfer_db=&gt;upload_tab INTO zcl_transfer_db=&gt;upload_str.</FPCLINE>
      <FPCLINE>  SELECT * FROM vbak INTO TABLE @VBAK_TAB WHERE vbeln EQ @zcl_transfer_db=&gt;upload_str-sales_doc.</FPCLINE>
      <FPCLINE>ENDLOOP.</FPCLINE>
     </INITIALIZATION>
     <FORMS/>
    </CL_FP_CODING>
   </cls:CL_FP_CODING>
  </asx:heap>
 </asx:abap>
</abapGit>
