﻿<?xml version="1.0" encoding="utf-8"?>
<abapGit version="v1.0.0" serializer="LCL_OBJECT_TABL" serializer_version="v1.0.0">
 <asx:abap xmlns:asx="http://www.sap.com/abapxml" version="1.0">
  <asx:values>
   <DD02V>
    <TABNAME>ZMY_TAB_TABLE</TABNAME>
    <DDLANGUAGE>E</DDLANGUAGE>
    <TABCLASS>TRANSP</TABCLASS>
    <DDTEXT>Table to update from my_tab</DDTEXT>
    <MAINFLAG>X</MAINFLAG>
    <CONTFLAG>A</CONTFLAG>
   </DD02V>
   <DD09L>
    <TABNAME>ZMY_TAB_TABLE</TABNAME>
    <AS4LOCAL>A</AS4LOCAL>
    <TABKAT>0</TABKAT>
    <TABART>APPL0</TABART>
    <BUFALLOW>N</BUFALLOW>
   </DD09L>
   <DD03P_TABLE>
    <DD03P>
     <TABNAME>ZMY_TAB_TABLE</TABNAME>
     <FIELDNAME>ICON</FIELDNAME>
     <POSITION>0001</POSITION>
     <KEYFLAG>X</KEYFLAG>
     <ROLLNAME>ICON_D</ROLLNAME>
     <ADMINFIELD>0</ADMINFIELD>
     <NOTNULL>X</NOTNULL>
     <COMPTYPE>E</COMPTYPE>
    </DD03P>
    <DD03P>
     <TABNAME>ZMY_TAB_TABLE</TABNAME>
     <FIELDNAME>SALES_DOC</FIELDNAME>
     <POSITION>0002</POSITION>
     <KEYFLAG>X</KEYFLAG>
     <ROLLNAME>VBELN</ROLLNAME>
     <ADMINFIELD>0</ADMINFIELD>
     <NOTNULL>X</NOTNULL>
     <COMPTYPE>E</COMPTYPE>
    </DD03P>
    <DD03P>
     <TABNAME>ZMY_TAB_TABLE</TABNAME>
     <FIELDNAME>SALES_DOC_ITEM</FIELDNAME>
     <POSITION>0003</POSITION>
     <KEYFLAG>X</KEYFLAG>
     <ROLLNAME>POSNR</ROLLNAME>
     <ADMINFIELD>0</ADMINFIELD>
     <NOTNULL>X</NOTNULL>
     <COMPTYPE>E</COMPTYPE>
    </DD03P>
    <DD03P>
     <TABNAME>ZMY_TAB_TABLE</TABNAME>
     <FIELDNAME>MAT_NO</FIELDNAME>
     <POSITION>0004</POSITION>
     <ROLLNAME>MATNR</ROLLNAME>
     <ADMINFIELD>0</ADMINFIELD>
     <SHLPORIGIN>D</SHLPORIGIN>
     <COMPTYPE>E</COMPTYPE>
    </DD03P>
    <DD03P>
     <TABNAME>ZMY_TAB_TABLE</TABNAME>
     <FIELDNAME>NET_VALUE</FIELDNAME>
     <POSITION>0005</POSITION>
     <ROLLNAME>NETWR</ROLLNAME>
     <ADMINFIELD>0</ADMINFIELD>
     <REFTABLE>ZMY_TAB_TABLE</REFTABLE>
     <REFFIELD>SD_DOC</REFFIELD>
     <COMPTYPE>E</COMPTYPE>
    </DD03P>
    <DD03P>
     <TABNAME>ZMY_TAB_TABLE</TABNAME>
     <FIELDNAME>SD_DOC</FIELDNAME>
     <POSITION>0006</POSITION>
     <ROLLNAME>WAERK</ROLLNAME>
     <ADMINFIELD>0</ADMINFIELD>
     <COMPTYPE>E</COMPTYPE>
    </DD03P>
    <DD03P>
     <TABNAME>ZMY_TAB_TABLE</TABNAME>
     <FIELDNAME>NET_WEIGHT</FIELDNAME>
     <POSITION>0007</POSITION>
     <ROLLNAME>NTGEW</ROLLNAME>
     <ADMINFIELD>0</ADMINFIELD>
     <REFTABLE>ZMY_TAB_TABLE</REFTABLE>
     <REFFIELD>WEIGHT_UNIT</REFFIELD>
     <COMPTYPE>E</COMPTYPE>
    </DD03P>
    <DD03P>
     <TABNAME>ZMY_TAB_TABLE</TABNAME>
     <FIELDNAME>WEIGHT_UNIT</FIELDNAME>
     <POSITION>0008</POSITION>
     <ROLLNAME>GEWEI</ROLLNAME>
     <ADMINFIELD>0</ADMINFIELD>
     <COMPTYPE>E</COMPTYPE>
    </DD03P>
    <DD03P>
     <TABNAME>ZMY_TAB_TABLE</TABNAME>
     <FIELDNAME>MAT_TEXT</FIELDNAME>
     <POSITION>0009</POSITION>
     <ROLLNAME>MAKTX</ROLLNAME>
     <ADMINFIELD>0</ADMINFIELD>
     <COMPTYPE>E</COMPTYPE>
    </DD03P>
    <DD03P>
     <TABNAME>ZMY_TAB_TABLE</TABNAME>
     <FIELDNAME>MAT_TEXT_DE</FIELDNAME>
     <POSITION>0010</POSITION>
     <ROLLNAME>MAKTX</ROLLNAME>
     <ADMINFIELD>0</ADMINFIELD>
     <COMPTYPE>E</COMPTYPE>
    </DD03P>
    <DD03P>
     <TABNAME>ZMY_TAB_TABLE</TABNAME>
     <FIELDNAME>BILL_DOC</FIELDNAME>
     <POSITION>0011</POSITION>
     <ROLLNAME>VBELN</ROLLNAME>
     <ADMINFIELD>0</ADMINFIELD>
     <COMPTYPE>E</COMPTYPE>
    </DD03P>
    <DD03P>
     <TABNAME>ZMY_TAB_TABLE</TABNAME>
     <FIELDNAME>CUST_NUM</FIELDNAME>
     <POSITION>0012</POSITION>
     <ROLLNAME>KUNRG</ROLLNAME>
     <ADMINFIELD>0</ADMINFIELD>
     <COMPTYPE>E</COMPTYPE>
    </DD03P>
    <DD03P>
     <TABNAME>ZMY_TAB_TABLE</TABNAME>
     <FIELDNAME>CUST_NAME</FIELDNAME>
     <POSITION>0013</POSITION>
     <ROLLNAME>NAME1</ROLLNAME>
     <ADMINFIELD>0</ADMINFIELD>
     <COMPTYPE>E</COMPTYPE>
    </DD03P>
    <DD03P>
     <TABNAME>ZMY_TAB_TABLE</TABNAME>
     <FIELDNAME>BILL_DATE</FIELDNAME>
     <POSITION>0014</POSITION>
     <ROLLNAME>ZMYDATE</ROLLNAME>
     <ADMINFIELD>0</ADMINFIELD>
     <COMPTYPE>E</COMPTYPE>
    </DD03P>
   </DD03P_TABLE>
  </asx:values>
 </asx:abap>
</abapGit>
