﻿<?xml version="1.0" encoding="utf-8"?>
<abapGit version="v1.0.0" serializer="LCL_OBJECT_SHLP" serializer_version="v1.0.0">
 <asx:abap xmlns:asx="http://www.sap.com/abapxml" version="1.0">
  <asx:values>
   <DD30V>
    <SHLPNAME>ZDELIVERY_NO</SHLPNAME>
    <DDLANGUAGE>E</DDLANGUAGE>
    <DDTEXT>Search help ffor delivery number by Simeon Bakalov</DDTEXT>
    <ISSIMPLE>X</ISSIMPLE>
    <SELMETHOD>LIKP</SELMETHOD>
    <SELMTYPE>T</SELMTYPE>
    <SELMEXIT>ZSEARCH</SELMEXIT>
    <DIALOGTYPE>D</DIALOGTYPE>
    <FUZZY_SIMILARITY>0.8</FUZZY_SIMILARITY>
   </DD30V>
   <DD32P_TABLE>
    <DD32P>
     <SHLPNAME>ZDELIVERY_NO</SHLPNAME>
     <FIELDNAME>VBELN</FIELDNAME>
     <FLPOSITION>0001</FLPOSITION>
     <ROLLNAME>VBELN</ROLLNAME>
     <SHLPINPUT>X</SHLPINPUT>
     <SHLPOUTPUT>X</SHLPOUTPUT>
     <SHLPSELPOS>01</SHLPSELPOS>
     <SHLPLISPOS>01</SHLPLISPOS>
     <ROLLCHANGE>X</ROLLCHANGE>
     <SCRLEN3>20</SCRLEN3>
    </DD32P>
   </DD32P_TABLE>
  </asx:values>
 </asx:abap>
</abapGit>
