﻿<?xml version="1.0" encoding="utf-8"?>
<abapGit version="v1.0.0" serializer="LCL_OBJECT_DTEL" serializer_version="v1.0.0">
 <asx:abap xmlns:asx="http://www.sap.com/abapxml" version="1.0">
  <asx:values>
   <DD04V>
    <ROLLNAME>ZFLWEIGHT_SB</ROLLNAME>
    <DDLANGUAGE>E</DDLANGUAGE>
    <HEADLEN>15</HEADLEN>
    <SCRLEN1>10</SCRLEN1>
    <SCRLEN2>20</SCRLEN2>
    <SCRLEN3>40</SCRLEN3>
    <DDTEXT>weight for flight</DDTEXT>
    <REPTEXT>weight</REPTEXT>
    <SCRTEXT_S>weight</SCRTEXT_S>
    <SCRTEXT_M>weight</SCRTEXT_M>
    <SCRTEXT_L>weight</SCRTEXT_L>
    <DTELMASTER>E</DTELMASTER>
    <DATATYPE>QUAN</DATATYPE>
    <LENG>000012</LENG>
    <DECIMALS>000004</DECIMALS>
    <OUTPUTLEN>000015</OUTPUTLEN>
   </DD04V>
  </asx:values>
 </asx:abap>
</abapGit>
