﻿<?xml version="1.0" encoding="utf-8"?>
<abapGit version="v1.0.0" serializer="LCL_OBJECT_DTEL" serializer_version="v1.0.0">
 <asx:abap xmlns:asx="http://www.sap.com/abapxml" version="1.0">
  <asx:values>
   <DD04V>
    <ROLLNAME>ZS_DATE_TO</ROLLNAME>
    <DDLANGUAGE>E</DDLANGUAGE>
    <DOMNAME>DATS</DOMNAME>
    <HEADLEN>10</HEADLEN>
    <SCRLEN1>10</SCRLEN1>
    <SCRLEN2>20</SCRLEN2>
    <SCRLEN3>40</SCRLEN3>
    <DDTEXT>date to</DDTEXT>
    <REPTEXT>date to</REPTEXT>
    <SCRTEXT_S>date to</SCRTEXT_S>
    <SCRTEXT_M>date to</SCRTEXT_M>
    <SCRTEXT_L>date to</SCRTEXT_L>
    <DTELMASTER>E</DTELMASTER>
    <REFKIND>D</REFKIND>
   </DD04V>
  </asx:values>
 </asx:abap>
</abapGit>
