﻿<?xml version="1.0" encoding="utf-8"?>
<abapGit version="v1.0.0" serializer="LCL_OBJECT_TABL" serializer_version="v1.0.0">
 <asx:abap xmlns:asx="http://www.sap.com/abapxml" version="1.0">
  <asx:values>
   <DD02V>
    <TABNAME>ZSBOOK_SB</TABNAME>
    <DDLANGUAGE>E</DDLANGUAGE>
    <TABCLASS>TRANSP</TABCLASS>
    <CLIDEP>X</CLIDEP>
    <DDTEXT>statistics for economic, business and first class</DDTEXT>
    <MAINFLAG>X</MAINFLAG>
    <CONTFLAG>A</CONTFLAG>
   </DD02V>
   <DD09L>
    <TABNAME>ZSBOOK_SB</TABNAME>
    <AS4LOCAL>A</AS4LOCAL>
    <TABKAT>0</TABKAT>
    <TABART>APPL0</TABART>
    <BUFALLOW>N</BUFALLOW>
   </DD09L>
   <DD03P_TABLE>
    <DD03P>
     <TABNAME>ZSBOOK_SB</TABNAME>
     <FIELDNAME>MANDT</FIELDNAME>
     <POSITION>0001</POSITION>
     <KEYFLAG>X</KEYFLAG>
     <ROLLNAME>MANDT</ROLLNAME>
     <ADMINFIELD>0</ADMINFIELD>
     <NOTNULL>X</NOTNULL>
     <COMPTYPE>E</COMPTYPE>
    </DD03P>
    <DD03P>
     <TABNAME>ZSBOOK_SB</TABNAME>
     <FIELDNAME>AGENCYNUMBER</FIELDNAME>
     <POSITION>0002</POSITION>
     <KEYFLAG>X</KEYFLAG>
     <ROLLNAME>S_AGNCYNUM</ROLLNAME>
     <ADMINFIELD>0</ADMINFIELD>
     <NOTNULL>X</NOTNULL>
     <SHLPORIGIN>D</SHLPORIGIN>
     <COMPTYPE>E</COMPTYPE>
    </DD03P>
    <DD03P>
     <TABNAME>ZSBOOK_SB</TABNAME>
     <FIELDNAME>DATEFROM</FIELDNAME>
     <POSITION>0003</POSITION>
     <KEYFLAG>X</KEYFLAG>
     <ROLLNAME>ZS_DATE_FROM</ROLLNAME>
     <ADMINFIELD>0</ADMINFIELD>
     <NOTNULL>X</NOTNULL>
     <SHLPORIGIN>T</SHLPORIGIN>
     <COMPTYPE>E</COMPTYPE>
    </DD03P>
    <DD03P>
     <TABNAME>ZSBOOK_SB</TABNAME>
     <FIELDNAME>DATETO</FIELDNAME>
     <POSITION>0004</POSITION>
     <KEYFLAG>X</KEYFLAG>
     <ROLLNAME>ZS_DATE_TO</ROLLNAME>
     <ADMINFIELD>0</ADMINFIELD>
     <NOTNULL>X</NOTNULL>
     <SHLPORIGIN>T</SHLPORIGIN>
     <COMPTYPE>E</COMPTYPE>
    </DD03P>
    <DD03P>
     <TABNAME>ZSBOOK_SB</TABNAME>
     <FIELDNAME>AGENCYNAME</FIELDNAME>
     <POSITION>0005</POSITION>
     <ROLLNAME>S_AGNCYNAM</ROLLNAME>
     <ADMINFIELD>0</ADMINFIELD>
     <COMPTYPE>E</COMPTYPE>
    </DD03P>
    <DD03P>
     <TABNAME>ZSBOOK_SB</TABNAME>
     <FIELDNAME>TOTAL</FIELDNAME>
     <POSITION>0006</POSITION>
     <ROLLNAME>Z_TOTAL_SB</ROLLNAME>
     <ADMINFIELD>0</ADMINFIELD>
     <REFTABLE>SBOOK</REFTABLE>
     <REFFIELD>FORCURKEY</REFFIELD>
     <COMPTYPE>E</COMPTYPE>
    </DD03P>
    <DD03P>
     <TABNAME>ZSBOOK_SB</TABNAME>
     <FIELDNAME>FIRST_C</FIELDNAME>
     <POSITION>0007</POSITION>
     <ROLLNAME>Z_FC_SB</ROLLNAME>
     <ADMINFIELD>0</ADMINFIELD>
     <REFTABLE>SBOOK</REFTABLE>
     <REFFIELD>FORCURKEY</REFFIELD>
     <COMPTYPE>E</COMPTYPE>
    </DD03P>
    <DD03P>
     <TABNAME>ZSBOOK_SB</TABNAME>
     <FIELDNAME>BUSINESS_C</FIELDNAME>
     <POSITION>0008</POSITION>
     <ROLLNAME>Z_BC_SB</ROLLNAME>
     <ADMINFIELD>0</ADMINFIELD>
     <REFTABLE>SBOOK</REFTABLE>
     <REFFIELD>FORCURKEY</REFFIELD>
     <COMPTYPE>E</COMPTYPE>
    </DD03P>
    <DD03P>
     <TABNAME>ZSBOOK_SB</TABNAME>
     <FIELDNAME>ECONOMY_C</FIELDNAME>
     <POSITION>0009</POSITION>
     <ROLLNAME>Z_EC_SB</ROLLNAME>
     <ADMINFIELD>0</ADMINFIELD>
     <REFTABLE>SBOOK</REFTABLE>
     <REFFIELD>FORCURKEY</REFFIELD>
     <COMPTYPE>E</COMPTYPE>
    </DD03P>
    <DD03P>
     <TABNAME>ZSBOOK_SB</TABNAME>
     <FIELDNAME>CURRENCY</FIELDNAME>
     <POSITION>0010</POSITION>
     <ROLLNAME>S_CURR</ROLLNAME>
     <ADMINFIELD>0</ADMINFIELD>
     <COMPTYPE>E</COMPTYPE>
    </DD03P>
    <DD03P>
     <TABNAME>ZSBOOK_SB</TABNAME>
     <FIELDNAME>TOTAL_WEIGHT</FIELDNAME>
     <POSITION>0011</POSITION>
     <ROLLNAME>ZFLWEIGHT_SB</ROLLNAME>
     <ADMINFIELD>0</ADMINFIELD>
     <REFTABLE>SBOOK</REFTABLE>
     <REFFIELD>WUNIT</REFFIELD>
     <COMPTYPE>E</COMPTYPE>
    </DD03P>
    <DD03P>
     <TABNAME>ZSBOOK_SB</TABNAME>
     <FIELDNAME>WEIGHT_UNIT</FIELDNAME>
     <POSITION>0012</POSITION>
     <ROLLNAME>S_WEIUNIT</ROLLNAME>
     <ADMINFIELD>0</ADMINFIELD>
     <COMPTYPE>E</COMPTYPE>
    </DD03P>
   </DD03P_TABLE>
  </asx:values>
 </asx:abap>
</abapGit>
